ticker,date,Close,High,Low,Volume,Close,High,Low,Volume,Close,High,Low,Volume,Close,High,Low,Volume,Close,High,Low,Volume
,,AAPL,AAPL,AAPL,AAPL,MSFT,MSFT,MSFT,MSFT,GOOGL,GOOGL,GOOGL,GOOGL,TSLA,TSLA,TSLA,TSLA,SPY,SPY,SPY,SPY
AAPL,2025-06-11,198.36236572265625,204.07034932786254,197.99314795828434,60989900.0,,,,,,,,,,,,,,,,
AAPL,2025-06-12,198.78147888183594,199.26046614106752,196.94534836583952,43904600.0,,,,,,,,,,,,,,,,
AAPL,2025-06-13,196.03726196289062,199.9490243445518,195.2888376882346,51447300.0,,,,,,,,,,,,,,,,
AAPL,2025-06-16,198.0031280517578,198.27256505925683,196.1470352061455,43020700.0,,,,,,,,,,,,,,,,
AAPL,2025-06-17,195.2289581298828,197.97318035709665,194.79986887227625,38856200.0,,,,,,,,,,,,,,,,
AAPL,2025-06-18,196.16697692871094,197.15490236836843,194.66015499959357,45394700.0,,,,,,,,,,,,,,,,
AAPL,2025-06-20,200.57769775390625,201.27622400422058,196.44639652864126,96813500.0,,,,,,,,,,,,,,,,
AAPL,2025-06-23,201.07666015625,201.87498244787415,198.54200324907936,55814300.0,,,,,,,,,,,,,,,,
AAPL,2025-06-24,199.87918090820312,203.0125832870988,199.77938491343542,54064000.0,,,,,,,,,,,,,,,,
AAPL,2025-06-25,201.13653564453125,203.2421033073339,200.19850807531137,39525700.0,,,,,,,,,,,,,,,,
AAPL,2025-06-26,200.57769775390625,202.2142514946699,199.04094000321476,50799100.0,,,,,,,,,,,,,,,,
AAPL,2025-06-27,200.65753173828125,202.7930349784745,199.57979899649257,73188600.0,,,,,,,,,,,,,,,,
AAPL,2025-06-30,204.7389373779297,206.95427439094752,198.84135059390303,91912800.0,,,,,,,,,,,,,,,,
AAPL,2025-07-01,207.3833770751953,209.74839282792448,205.70689884063935,78788900.0,,,,,,,,,,,,,,,,
AAPL,2025-07-02,211.99366760253906,212.8917706186518,207.7026988246806,67941800.0,,,,,,,,,,,,,,,,
AAPL,2025-07-03,213.10134887695312,214.19902871499423,211.36499901814886,34955800.0,,,,,,,,,,,,,,,,
AAPL,2025-07-07,209.50889587402344,215.77570049162512,208.36131809352125,50229000.0,,,,,,,,,,,,,,,,
AAPL,2025-07-08,209.5687713623047,210.98578616820197,208.01205130024096,42848900.0,,,,,,,,,,,,,,,,
AAPL,2025-07-09,210.69639587402344,210.8859991217609,206.78463359109693,48749400.0,,,,,,,,,,,,,,,,
AAPL,2025-07-10,211.96372985839844,213.03147386855414,209.58872537016995,44443600.0,,,,,,,,,,,,,,,,
AAPL,2025-07-11,210.7163543701172,211.68431760849728,209.41908263784933,39765800.0,,,,,,,,,,,,,,,,
AAPL,2025-07-14,208.1816864013672,210.46688365912564,207.10395364435493,38840100.0,,,,,,,,,,,,,,,,
AAPL,2025-07-15,208.67066955566406,211.44482767792792,208.48106630115817,42296300.0,,,,,,,,,,,,,,,,
AAPL,2025-07-16,209.71847534179688,211.95375954691573,208.2016644692293,47490500.0,,,,,,,,,,,,,,,,
AAPL,2025-07-17,209.57875061035156,211.3550095983717,209.14964612579556,48068100.0,,,,,,,,,,,,,,,,
AAPL,2025-07-18,210.73631286621094,211.34503189230253,209.25942654413325,48974600.0,,,,,,,,,,,,,,,,
AAPL,2025-07-21,212.0335693359375,215.3266389893317,211.18536434566,51377400.0,,,,,,,,,,,,,,,,
AAPL,2025-07-22,213.94955444335938,214.49840197701596,211.78411528941558,46404100.0,,,,,,,,,,,,,,,,
AAPL,2025-07-23,213.7000732421875,214.69797228179937,211.9637386583707,46989300.0,,,,,,,,,,,,,,,,
AAPL,2025-07-24,213.31088256835938,215.2368355364858,213.08137006420023,46022600.0,,,,,,,,,,,,,,,,
AAPL,2025-07-25,213.43064880371094,214.7877920897316,212.95164630742312,40268800.0,,,,,,,,,,,,,,,,
AAPL,2025-07-28,213.6002960205078,214.39861831079742,212.61237047326716,37858000.0,,,,,,,,,,,,,,,,
AAPL,2025-07-29,210.8261260986328,214.3586818606333,210.37707459375494,51411700.0,,,,,,,,,,,,,,,,
AAPL,2025-07-30,208.6107940673828,211.94377315400357,207.28358653790625,45512500.0,,,,,,,,,,,,,,,,
AAPL,2025-07-31,207.1339111328125,209.39913099136336,206.72476887181696,80698400.0,,,,,,,,,,,,,,,,
AAPL,2025-08-01,201.95481872558594,213.1312852679161,201.07666267114303,104434500.0,,,,,,,,,,,,,,,,
AAPL,2025-08-04,202.9227752685547,207.44325668811337,201.25627047720934,75109300.0,,,,,,,,,,,,,,,,
AAPL,2025-08-05,202.49366760253906,204.90858140720596,201.73526982787092,44155100.0,,,,,,,,,,,,,,,,
AAPL,2025-08-06,212.80197143554688,214.9275012748427,205.15806109322384,108483100.0,,,,,,,,,,,,,,,,
AAPL,2025-08-07,219.56771850585938,220.38600300495352,216.12496995802366,90224800.0,,,,,,,,,,,,,,,,
AAPL,2025-08-08,228.86814880371094,230.5146761138317,218.78936250198095,113854000.0,,,,,,,,,,,,,,,,
AAPL,2025-08-11,226.95997619628906,229.33767612130436,224.54232171734583,61806100.0,,,,,,,,,,,,,,,,
AAPL,2025-08-12,229.42758178710938,230.57647717809445,226.8500938879156,55626200.0,,,,,,,,,,,,,,,,
AAPL,2025-08-13,233.10403442382812,234.77241529044048,230.2068337695816,69878500.0,,,,,,,,,,,,,,,,
AAPL,2025-08-14,232.5545654296875,234.89229562265464,230.6264418350812,51916300.0,,,,,,,,,,,,,,,,
AAPL,2025-08-15,231.36570739746094,234.0531046408583,229.11788646444978,56038700.0,,,,,,,,,,,,,,,,
AAPL,2025-08-18,230.66639709472656,232.89423321308522,229.88715369469057,37476200.0,,,,,,,,,,,,,,,,
AAPL,2025-08-19,230.3367156982422,232.64447617946885,229.1278960385577,39402600.0,,,,,,,,,,,,,,,,
AAPL,2025-08-20,225.79110717773438,230.24679444121838,225.55134937034353,42263900.0,,,,,,,,,,,,,,,,
AAPL,2025-08-21,224.68218994140625,226.30063142153253,223.56327948127884,30621200.0,,,,,,,,,,,,,,,,
AAPL,2025-08-22,227.53941345214844,228.8681272027074,225.1916985271248,42477800.0,,,,,,,,,,,,,,,,
AAPL,2025-08-25,226.94000244140625,229.07792927219558,226.01089520624416,30983100.0,,,,,,,,,,,,,,,,
AAPL,2025-08-26,229.08792114257812,229.26775474756235,224.4724002828088,54575100.0,,,,,,,,,,,,,,,,
AAPL,2025-08-27,230.26678466796875,230.676376013076,228.03893336267103,31259500.0,,,,,,,,,,,,,,,,
AAPL,2025-08-28,232.33477783203125,233.18396075811214,229.11789497993007,38074700.0,,,,,,,,,,,,,,,,
AAPL,2025-08-29,231.91517639160156,233.15398096397084,231.145917853049,39418400.0,,,,,,,,,,,,,,,,
AAPL,2025-09-02,229.49752807617188,230.62643860177437,226.75019132336067,44075600.0,,,,,,,,,,,,,,,,
AAPL,2025-09-03,238.2390594482422,238.6186963224971,234.133039090421,66427800.0,,,,,,,,,,,,,,,,
AAPL,2025-09-04,239.5477752685547,239.66765417218173,236.51072617258424,47549400.0,,,,,,,,,,,,,,,,
AAPL,2025-09-05,239.45787048339844,241.08629675958926,238.25903569310344,54870400.0,,,,,,,,,,,,,,,,
AAPL,2025-09-08,237.64962768554688,239.91741830634814,236.11111057683257,48999500.0,,,,,,,,,,,,,,,,
AAPL,2025-09-09,234.123046875,238.5487492683241,233.13400016518182,66313900.0,,,,,,,,,,,,,,,,
AAPL,2025-09-10,226.5703582763672,232.19491077497392,225.73117543382176,83440800.0,,,,,,,,,,,,,,,,
AAPL,2025-09-11,229.80722045898438,230.22681187017153,226.43048902665416,50208600.0,,,,,,,,,,,,,,,,
AAPL,2025-09-12,233.84332275390625,234.28288383192944,228.79821036620638,55824200.0,,,,,,,,,,,,,,,,
AAPL,2025-09-15,236.47076416015625,237.95932665324483,234.80238330570734,42699500.0,,,,,,,,,,,,,,,,
AAPL,2025-09-16,237.9193572998047,240.98639147239973,236.09114297984144,63421100.0,,,,,,,,,,,,,,,,
AAPL,2025-09-17,238.75856018066406,239.86748583209587,237.4997706474641,46508000.0,,,,,,,,,,,,,,,,
AAPL,2025-09-18,237.64962768554688,240.9664044724694,236.4208079152849,44249600.0,,,,,,,,,,,,,,,,
AAPL,2025-09-19,245.26223754882812,246.06146581163878,239.9773675285625,163741300.0,,,,,,,,,,,,,,,,
AAPL,2025-09-22,255.8319854736328,256.3914711896616,247.8797028858207,105517400.0,,,,,,,,,,,,,,,,
AAPL,2025-09-23,254.18359375,257.0907792625319,253.33442606621003,60275200.0,,,,,,,,,,,,,,,,
AAPL,2025-09-24,252.06564331054688,255.4923293909784,250.79686899703333,42303700.0,,,,,,,,,,,,,,,,
AAPL,2025-09-25,256.6212158203125,256.9209435623003,251.466224879955,55202100.0,,,,,,,,,,,,,,,,
AAPL,2025-09-26,255.2126007080078,257.3505275669758,253.5342198150173,46076300.0,,,,,,,,,,,,,,,,
AAPL,2025-09-29,254.18359375,254.75304905914027,252.76497075706976,40127700.0,,,,,,,,,,,,,,,,
AAPL,2025-09-30,254.38340759277344,255.67215158054225,252.8648753735947,37704300.0,,,,,,,,,,,,,,,,
AAPL,2025-10-01,255.20260620117188,258.53938316103813,254.6831055272507,48713900.0,,,,,,,,,,,,,,,,
AAPL,2025-10-02,256.8809814453125,257.9299523535748,253.9038565188199,42630200.0,,,,,,,,,,,,,,,,
AAPL,2025-10-03,257.7701110839844,258.9889308017334,253.70406057825727,49155600.0,,,,,,,,,,,,,,,,
AAPL,2025-10-06,256.44140625,258.819106172963,254.80299514816292,44664100.0,,,,,,,,,,,,,,,,
AAPL,2025-10-07,256.23162841796875,257.15072039039774,255.18262697514498,31955800.0,,,,,,,,,,,,,,,,
AAPL,2025-10-08,257.8100891113281,258.2696351050741,255.8619653198879,36496900.0,,,,,,,,,,,,,,,,
AAPL,2025-10-09,253.79396057128906,257.75013209688524,252.8948383011137,38322000.0,,,,,,,,,,,,,,,,
AAPL,2025-10-10,245.032470703125,256.13171175032437,243.76369637579657,61999100.0,,,,,,,,,,,,,,,,
AAPL,2025-10-13,247.42015075683594,249.44818352992385,245.32217845998096,38142900.0,,,,,,,,,,,,,,,,
AAPL,2025-10-14,247.53004455566406,248.60900042906025,244.46301046499008,35478000.0,,,,,,,,,,,,,,,,
AAPL,2025-10-15,249.09852600097656,251.5761352503302,247.2303418581919,33893600.0,,,,,,,,,,,,,,,,
AAPL,2025-10-16,247.21035766601562,248.79881419551728,244.8926123625184,39777000.0,,,,,,,,,,,,,,,,
AAPL,2025-10-17,252.045654296875,253.13461023404025,247.03052706557392,49147000.0,,,,,,,,,,,,,,,,
AAPL,2025-10-20,261.98602294921875,264.1239650925819,255.3824390623343,90483000.0,,,,,,,,,,,,,,,,
AAPL,2025-10-21,262.5155029296875,265.03308188579996,261.5764108568555,46695900.0,,,,,,,,,,,,,,,,
AAPL,2025-10-22,258.19970703125,262.5954395959732,255.18261234613632,45015300.0,,,,,,,,,,,,,,,,
AAPL,2025-10-23,259.3285827636719,260.36758405794774,257.76012648314656,32754900.0,,,,,,,,,,,,,,,,
AAPL,2025-10-24,262.56549072265625,263.87421967110856,258.9290010880386,38253700.0,,,,,,,,,,,,,,,,
AAPL,2025-10-27,268.5496520996094,268.8593494221352,264.3936774471076,44888200.0,,,,,,,,,,,,,,,,
AAPL,2025-10-28,268.7394714355469,269.6286240979669,267.8902885694659,41534800.0,,,,,,,,,,,,,,,,
AAPL,2025-10-29,269.4388122558594,271.1471476128123,266.85129379808274,51086700.0,,,,,,,,,,,,,,,,
AAPL,2025-10-30,271.13714599609375,273.87451306817263,268.2199910571769,69886500.0,,,,,,,,,,,,,,,,
AAPL,2025-10-31,270.108154296875,277.05143573891627,268.89933466249033,86167100.0,,,,,,,,,,,,,,,,
AAPL,2025-11-03,268.7894287109375,270.5877038096653,265.9921525413924,50194600.0,,,,,,,,,,,,,,,,
AAPL,2025-11-04,269.7784729003906,271.22705027239556,267.36080327265466,49274800.0,,,,,,,,,,,,,,,,
AAPL,2025-11-05,269.8783874511719,271.43687417180433,266.67147434431234,43683100.0,,,,,,,,,,,,,,,,
AAPL,2025-11-06,269.50872802734375,273.1352174017799,267.6305743388968,51204000.0,,,,,,,,,,,,,,,,
AAPL,2025-11-07,268.2099914550781,272.02629915101613,266.51162568814635,48227400.0,,,,,,,,,,,,,,,,
AAPL,2025-11-10,269.42999267578125,273.7300109863281,267.4599914550781,41312400.0,,,,,,,,,,,,,,,,
AAPL,2025-11-11,275.25,275.9100036621094,269.79998779296875,46208300.0,,,,,,,,,,,,,,,,
AAPL,2025-11-12,273.4700012207031,275.7300109863281,271.70001220703125,48398000.0,,,,,,,,,,,,,,,,
AAPL,2025-11-13,272.95001220703125,276.70001220703125,272.0899963378906,49602800.0,,,,,,,,,,,,,,,,
AAPL,2025-11-14,272.4100036621094,275.9599914550781,269.6000061035156,47431300.0,,,,,,,,,,,,,,,,
AAPL,2025-11-17,267.4599914550781,270.489990234375,265.7300109863281,45018300.0,,,,,,,,,,,,,,,,
AAPL,2025-11-18,267.44000244140625,270.7099914550781,265.32000732421875,45677300.0,,,,,,,,,,,,,,,,
AAPL,2025-11-19,268.55999755859375,272.2099914550781,265.5,40424500.0,,,,,,,,,,,,,,,,
AAPL,2025-11-20,266.25,275.42999267578125,265.9200134277344,45823600.0,,,,,,,,,,,,,,,,
AAPL,2025-11-21,271.489990234375,273.3299865722656,265.6700134277344,59030800.0,,,,,,,,,,,,,,,,
AAPL,2025-11-24,275.9200134277344,277.0,270.8999938964844,65585800.0,,,,,,,,,,,,,,,,
AAPL,2025-11-25,276.9700012207031,280.3800048828125,275.25,46914200.0,,,,,,,,,,,,,,,,
AAPL,2025-11-26,277.54998779296875,279.5299987792969,276.6300048828125,33431400.0,,,,,,,,,,,,,,,,
AAPL,2025-11-28,278.8500061035156,279.0,275.989990234375,20135600.0,,,,,,,,,,,,,,,,
AAPL,2025-12-01,283.1000061035156,283.4200134277344,276.1400146484375,46587700.0,,,,,,,,,,,,,,,,
AAPL,2025-12-02,286.19000244140625,287.3999938964844,282.6300048828125,53669500.0,,,,,,,,,,,,,,,,
AAPL,2025-12-03,284.1499938964844,288.6199951171875,283.29998779296875,43538700.0,,,,,,,,,,,,,,,,
AAPL,2025-12-04,280.70001220703125,284.7300109863281,278.5899963378906,43989100.0,,,,,,,,,,,,,,,,
AAPL,2025-12-05,278.7799987792969,281.1400146484375,278.04998779296875,47244000.0,,,,,,,,,,,,,,,,
MSFT,2025-06-11,,,,,470.9628601074219,473.80287330978865,468.01324719222674,16399200.0,,,,,,,,,,,,
MSFT,2025-06-12,,,,,477.1909484863281,478.73553201697933,471.8597009390277,18950600.0,,,,,,,,,,,,
MSFT,2025-06-13,,,,,473.2946472167969,477.4998519181197,471.1023792861798,16814500.0,,,,,,,,,,,,
MSFT,2025-06-16,,,,,477.46002197265625,479.00457509504827,473.3345233196989,15626100.0,,,,,,,,,,,,
MSFT,2025-06-17,,,,,476.3638610839844,477.06138843382047,472.4177241014044,15414100.0,,,,,,,,,,,,
MSFT,2025-06-18,,,,,478.5561218261719,479.313466764918,472.7963894918646,17526500.0,,,,,,,,,,,,
MSFT,2025-06-20,,,,,475.7261047363281,481.76485435953526,475.1979642712812,37576200.0,,,,,,,,,,,,
MSFT,2025-06-23,,,,,484.2959289550781,486.0397928967888,470.8532389300749,24864000.0,,,,,,,,,,,,
MSFT,2025-06-24,,,,,488.3915100097656,490.1254297173699,485.0931183138473,22305600.0,,,,,,,,,,,,
MSFT,2025-06-25,,,,,490.5439453125,492.82592441237585,487.6740689863978,17495100.0,,,,,,,,,,,,
MSFT,2025-06-26,,,,,495.705810546875,496.29373818928514,491.08206511354325,21578900.0,,,,,,,,,,,,
MSFT,2025-06-27,,,,,494.20111083984375,497.54931522943417,491.30131038962224,34539200.0,,,,,,,,,,,,
MSFT,2025-06-30,,,,,495.66595458984375,499.0042146991214,493.5932305818623,28369000.0,,,,,,,,,,,,
MSFT,2025-07-01,,,,,490.3247375488281,496.30370004913976,489.2585123483102,19945400.0,,,,,,,,,,,,
MSFT,2025-07-02,,,,,489.36810302734375,491.76965656989233,486.98649882219644,16319600.0,,,,,,,,,,,,
MSFT,2025-07-03,,,,,497.0909423828125,498.3764278450543,491.7098821739863,13984800.0,,,,,,,,,,,,
MSFT,2025-07-07,,,,,495.974853515625,497.0012408266234,493.4935938943106,13981600.0,,,,,,,,,,,,
MSFT,2025-07-08,,,,,494.8786926269531,496.4531696907806,492.3774837277821,11846600.0,,,,,,,,,,,,
MSFT,2025-07-09,,,,,501.74456787109375,505.003091421344,497.98776704512187,18659500.0,,,,,,,,,,,,
MSFT,2025-07-10,,,,,499.7216796875,502.67129257213526,496.0047471787155,16492100.0,,,,,,,,,,,,
MSFT,2025-07-11,,,,,501.55523681640625,503.25923259786794,496.054571905536,16459500.0,,,,,,,,,,,,
MSFT,2025-07-14,,,,,501.2562561035156,502.2029372942231,499.273243347857,12058800.0,,,,,,,,,,,,
MSFT,2025-07-15,,,,,504.04644775390625,506.51773265302506,501.027073076573,14927200.0,,,,,,,,,,,,
MSFT,2025-07-16,,,,,503.8471374511719,504.94328659833275,500.13023542973804,15154400.0,,,,,,,,,,,,
MSFT,2025-07-17,,,,,509.9058532714844,511.5699807689203,503.84715436950415,17503100.0,,,,,,,,,,,,
MSFT,2025-07-18,,,,,508.2616271972656,512.8355602906365,505.6508184267905,21209700.0,,,,,,,,,,,,
MSFT,2025-07-21,,,,,508.2715759277344,510.29448733980524,503.77737959397786,14066800.0,,,,,,,,,,,,
MSFT,2025-07-22,,,,,503.4983825683594,509.40761357627605,503.4983825683594,13868600.0,,,,,,,,,,,,
MSFT,2025-07-23,,,,,504.0962829589844,505.01307057965715,498.9444273574923,16396600.0,,,,,,,,,,,,
MSFT,2025-07-24,,,,,509.0887145996094,511.86891017220256,505.5212500656798,16107000.0,,,,,,,,,,,,
MSFT,2025-07-25,,,,,511.9088439941406,516.4727417364818,508.57055332296227,19125700.0,,,,,,,,,,,,
MSFT,2025-07-28,,,,,510.7030334472656,513.1942677567645,508.3313735189307,14308000.0,,,,,,,,,,,,
MSFT,2025-07-29,,,,,510.7727966308594,515.8050777848653,509.7663282358281,16469200.0,,,,,,,,,,,,
MSFT,2025-07-30,,,,,511.4404296875,514.1409495778635,507.6537656967309,26380400.0,,,,,,,,,,,,
MSFT,2025-07-31,,,,,531.62939453125,553.5024436401114,530.0350289229713,51617300.0,,,,,,,,,,,,
MSFT,2025-08-01,,,,,522.2723388671875,533.9213535531813,519.0337340919326,28977600.0,,,,,,,,,,,,
MSFT,2025-08-04,,,,,533.7619018554688,536.3627358241171,526.2782244119826,25349000.0,,,,,,,,,,,,
MSFT,2025-08-05,,,,,525.8995361328125,535.41603854948,525.3913146279989,19171600.0,,,,,,,,,,,,
MSFT,2025-08-06,,,,,523.0994262695312,529.8357336828143,522.1926437275052,21355700.0,,,,,,,,,,,,
MSFT,2025-08-07,,,,,519.0138549804688,526.2384349946553,515.7353514691818,16079100.0,,,,,,,,,,,,
MSFT,2025-08-08,,,,,520.2095947265625,522.8204035830947,517.5888112007746,15531000.0,,,,,,,,,,,,
MSFT,2025-08-11,,,,,519.9405517578125,525.7401525514866,517.8976909591346,20194400.0,,,,,,,,,,,,
MSFT,2025-08-12,,,,,527.3843383789062,529.1182277589118,520.8672912006765,18667000.0,,,,,,,,,,,,
MSFT,2025-08-13,,,,,518.7547607421875,530.8322607629538,517.5489813455309,19619200.0,,,,,,,,,,,,
MSFT,2025-08-14,,,,,520.6480102539062,524.1058750288076,518.3162490497452,20269100.0,,,,,,,,,,,,
MSFT,2025-08-15,,,,,518.3461303710938,524.255330935539,517.2599862571353,25213300.0,,,,,,,,,,,,
MSFT,2025-08-18,,,,,515.286865234375,520.9868407954262,512.2177084457264,23760600.0,,,,,,,,,,,,
MSFT,2025-08-19,,,,,507.98260498046875,513.3536904476517,506.7668813962475,21481000.0,,,,,,,,,,,,
MSFT,2025-08-20,,,,,503.9468078613281,509.2082935133009,502.6712971096552,27723000.0,,,,,,,,,,,,
MSFT,2025-08-21,,,,,503.2980041503906,506.68168580920974,501.7808546744913,18443300.0,,,,,,,,,,,,
MSFT,2025-08-22,,,,,506.2824401855469,509.77590173606455,501.471437254012,24324200.0,,,,,,,,,,,,
MSFT,2025-08-25,,,,,503.3179931640625,507.2406441544574,503.1782400793436,21638600.0,,,,,,,,,,,,
MSFT,2025-08-26,,,,,501.1021423339844,504.0366525259624,497.5787379824689,30835700.0,,,,,,,,,,,,
MSFT,2025-08-27,,,,,505.7933349609375,506.34232576675964,498.96611661319633,17277900.0,,,,,,,,,,,,
MSFT,2025-08-28,,,,,508.68792724609375,510.1352001425548,504.5556467937143,18015600.0,,,,,,,,,,,,
MSFT,2025-08-29,,,,,505.7434387207031,508.64800611235046,503.5475364264987,20961600.0,,,,,,,,,,,,
MSFT,2025-09-02,,,,,504.1763610839844,505.0547219959289,495.88188775050133,18128000.0,,,,,,,,,,,,
MSFT,2025-09-03,,,,,504.40594482421875,506.8413890153064,501.3816064871684,16345100.0,,,,,,,,,,,,
MSFT,2025-09-04,,,,,507.02105712890625,507.20071355848035,502.2100541109688,15509500.0,,,,,,,,,,,,
MSFT,2025-09-05,,,,,494.0752868652344,511.0135863020471,491.4501951138555,31994800.0,,,,,,,,,,,,
MSFT,2025-09-08,,,,,497.2693176269531,500.26371328397477,494.10522614671714,16771000.0,,,,,,,,,,,,
MSFT,2025-09-09,,,,,497.4789123535156,501.3117351050236,496.77024724997165,14410500.0,,,,,,,,,,,,
MSFT,2025-09-10,,,,,499.43524169921875,502.2899147028095,495.7920664455459,21611800.0,,,,,,,,,,,,
MSFT,2025-09-11,,,,,500.0740661621094,502.2300346920423,496.9499084839274,18881600.0,,,,,,,,,,,,
MSFT,2025-09-12,,,,,508.94744873046875,511.59249216822343,502.9087629314118,23624900.0,,,,,,,,,,,,
MSFT,2025-09-15,,,,,514.397216796875,514.5069966795595,506.05284913244947,17143800.0,,,,,,,,,,,,
MSFT,2025-09-16,,,,,508.08905029296875,516.2637221986186,507.64986983793983,19711900.0,,,,,,,,,,,,
MSFT,2025-09-17,,,,,509.06719970703125,510.33484666258875,504.9848440594251,15816600.0,,,,,,,,,,,,
MSFT,2025-09-18,,,,,507.5001525878906,512.1115168727503,506.71161989545686,18913700.0,,,,,,,,,,,,
MSFT,2025-09-19,,,,,516.96240234375,518.3298380532008,509.35664280609984,52474100.0,,,,,,,,,,,,
MSFT,2025-09-22,,,,,513.4889526367188,516.772784556969,511.5824866494396,20009300.0,,,,,,,,,,,,
MSFT,2025-09-23,,,,,508.2787170410156,513.6287198501773,506.3622903955001,19799600.0,,,,,,,,,,,,
MSFT,2025-09-24,,,,,509.19696044921875,511.5225942719762,505.9730140478167,13533700.0,,,,,,,,,,,,
MSFT,2025-09-25,,,,,506.0827941894531,509.0572380888419,504.09652154158834,15786500.0,,,,,,,,,,,,
MSFT,2025-09-26,,,,,510.5045166015625,512.9798945996346,505.67356201643696,16213100.0,,,,,,,,,,,,
MSFT,2025-09-29,,,,,513.6386108398438,515.8844074376258,507.9293260645142,17617800.0,,,,,,,,,,,,
MSFT,2025-09-30,,,,,516.982421875,517.1919905812645,508.70790002171145,19728200.0,,,,,,,,,,,,
MSFT,2025-10-01,,,,,518.7391357421875,519.5376290534263,510.7340986553811,22632300.0,,,,,,,,,,,,
MSFT,2025-10-02,,,,,514.7765502929688,520.625588764222,509.7260051791023,21222900.0,,,,,,,,,,,,
MSFT,2025-10-03,,,,,516.3834838867188,519.5176324904353,514.0378984273964,15112300.0,,,,,,,,,,,,
MSFT,2025-10-06,,,,,527.5825805664062,530.0380069481532,517.2319577376861,21388600.0,,,,,,,,,,,,
MSFT,2025-10-07,,,,,523.0010986328125,528.8102332144322,520.4658657072805,14615200.0,,,,,,,,,,,,
MSFT,2025-10-08,,,,,523.8695068359375,525.9656203925812,522.1128458539913,13363400.0,,,,,,,,,,,,
MSFT,2025-10-09,,,,,521.4241333007812,523.3505205733983,516.4334737589328,18343600.0,,,,,,,,,,,,
MSFT,2025-10-10,,,,,510.0054626464844,522.6019127014883,508.6779606337136,24133800.0,,,,,,,,,,,,
MSFT,2025-10-13,,,,,513.0896606445312,515.4452371680482,510.7240930552238,14284200.0,,,,,,,,,,,,
MSFT,2025-10-14,,,,,512.610595703125,514.3174231454748,505.05473007895694,14684300.0,,,,,,,,,,,,
MSFT,2025-10-15,,,,,512.4708251953125,516.2238106749688,509.04724028199115,14694700.0,,,,,,,,,,,,
MSFT,2025-10-16,,,,,510.65423583984375,515.884437136842,507.1807563967364,15559600.0,,,,,,,,,,,,
MSFT,2025-10-17,,,,,512.62060546875,514.5170195527368,506.3622988729776,19867800.0,,,,,,,,,,,,
MSFT,2025-10-20,,,,,515.8245239257812,517.730989827423,512.4708156147512,14665600.0,,,,,,,,,,,,
MSFT,2025-10-21,,,,,516.6929321289062,517.7210372272165,512.0815676283437,15586200.0,,,,,,,,,,,,
MSFT,2025-10-22,,,,,519.5675659179688,524.2488070435115,516.7428964573043,18962700.0,,,,,,,,,,,,
MSFT,2025-10-23,,,,,519.5875244140625,522.9712060783663,517.6411550810741,14023500.0,,,,,,,,,,,,
MSFT,2025-10-24,,,,,522.6318359375,524.3685757173844,519.7372899447384,15532400.0,,,,,,,,,,,,
MSFT,2025-10-27,,,,,530.527099609375,533.5813808592218,528.0217787333662,18734700.0,,,,,,,,,,,,
MSFT,2025-10-28,,,,,541.057373046875,552.6855732732587,539.7598137450263,29986700.0,,,,,,,,,,,,
MSFT,2025-10-29,,,,,540.538330078125,545.2495444281135,535.7273269044096,36023000.0,,,,,,,,,,,,
MSFT,2025-10-30,,,,,524.77783203125,533.9705877450752,521.1446173319796,41023100.0,,,,,,,,,,,,
MSFT,2025-10-31,,,,,516.8426513671875,528.3311587204174,514.137692119172,34006400.0,,,,,,,,,,,,
MSFT,2025-11-03,,,,,516.0641479492188,523.9793263365088,513.628703759196,22374700.0,,,,,,,,,,,,
MSFT,2025-11-04,,,,,513.3692016601562,514.5868933466259,506.8913048594995,20958700.0,,,,,,,,,,,,
MSFT,2025-11-05,,,,,506.2125549316406,513.8682396575209,505.6336213981725,23024300.0,,,,,,,,,,,,
MSFT,2025-11-06,,,,,496.1713562011719,504.75529633258907,494.88375756631746,27406500.0,,,,,,,,,,,,
MSFT,2025-11-07,,,,,495.8918762207031,498.4470913363115,492.32853818272196,24019800.0,,,,,,,,,,,,
MSFT,2025-11-10,,,,,505.0547180175781,505.9031361854127,497.8681564860657,26101500.0,,,,,,,,,,,,
MSFT,2025-11-11,,,,,507.7297058105469,508.64800052182136,501.411544557113,17980000.0,,,,,,,,,,,,
MSFT,2025-11-12,,,,,510.1851501464844,510.7141588310794,498.18758530403636,26574900.0,,,,,,,,,,,,
MSFT,2025-11-13,,,,,502.34979248046875,512.54071024479,500.3535287599438,25273100.0,,,,,,,,,,,,
MSFT,2025-11-14,,,,,509.2268981933594,510.644258818196,496.51070821491913,28505700.0,,,,,,,,,,,,
MSFT,2025-11-17,,,,,506.54193115234375,511.16328656765256,503.9667643395777,19092800.0,,,,,,,,,,,,
MSFT,2025-11-18,,,,,492.8675537109375,502.0403882023454,485.87063942574486,33815100.0,,,,,,,,,,,,
MSFT,2025-11-19,,,,,486.2099914550781,494.264922953439,481.9279972054541,23245300.0,,,,,,,,,,,,
MSFT,2025-11-20,,,,,478.42999267578125,493.57000732421875,475.5,26802500.0,,,,,,,,,,,,
MSFT,2025-11-21,,,,,472.1199951171875,478.9200134277344,468.2699890136719,31769200.0,,,,,,,,,,,,
MSFT,2025-11-24,,,,,474.0,476.8999938964844,468.0199890136719,34421000.0,,,,,,,,,,,,
MSFT,2025-11-25,,,,,476.989990234375,479.1499938964844,464.8900146484375,28019800.0,,,,,,,,,,,,
MSFT,2025-11-26,,,,,485.5,488.30999755859375,481.20001220703125,25709100.0,,,,,,,,,,,,
MSFT,2025-11-28,,,,,492.010009765625,492.6300048828125,486.6499938964844,14386700.0,,,,,,,,,,,,
MSFT,2025-12-01,,,,,486.739990234375,489.8599853515625,484.6499938964844,23964000.0,,,,,,,,,,,,
MSFT,2025-12-02,,,,,490.0,493.5,486.32000732421875,19562700.0,,,,,,,,,,,,
MSFT,2025-12-03,,,,,477.7300109863281,484.239990234375,475.20001220703125,34615100.0,,,,,,,,,,,,
MSFT,2025-12-04,,,,,480.8399963378906,481.32000732421875,476.489990234375,22318200.0,,,,,,,,,,,,
MSFT,2025-12-05,,,,,483.1600036621094,483.3999938964844,478.8800048828125,22587400.0,,,,,,,,,,,,
GOOGL,2025-06-11,,,,,,,,,177.1915283203125,180.20881870896204,176.59205837486806,31646800.0,,,,,,,,
GOOGL,2025-06-12,,,,,,,,,175.54299926757812,176.56209210971562,174.59385119423692,20941900.0,,,,,,,,
GOOGL,2025-06-13,,,,,,,,,174.513916015625,176.9717245091389,172.2359546046385,27663100.0,,,,,,,,
GOOGL,2025-06-16,,,,,,,,,176.61204528808594,176.78189154925582,174.49392932110277,27389200.0,,,,,,,,
GOOGL,2025-06-17,,,,,,,,,175.7927703857422,177.20151408744945,174.4239994778565,24973000.0,,,,,,,,
GOOGL,2025-06-18,,,,,,,,,173.16513061523438,176.4022256326498,173.04522747911062,28707500.0,,,,,,,,
GOOGL,2025-06-20,,,,,,,,,166.4910888671875,174.18420505107113,165.312150640077,75659900.0,,,,,,,,
GOOGL,2025-06-23,,,,,,,,,165.04238891601562,167.19046158134836,161.85523705575486,57671000.0,,,,,,,,
GOOGL,2025-06-24,,,,,,,,,166.62098693847656,168.06968824197463,165.98155942026995,40524300.0,,,,,,,,
GOOGL,2025-06-25,,,,,,,,,170.52748107910156,172.2059878377665,167.40028826627824,35479000.0,,,,,,,,
GOOGL,2025-06-26,,,,,,,,,173.38491821289062,173.53479332021178,169.78814431449064,31796700.0,,,,,,,,
GOOGL,2025-06-27,,,,,,,,,178.37046813964844,178.52032800475203,171.57654142712704,108140200.0,,,,,,,,
GOOGL,2025-06-30,,,,,,,,,176.07252502441406,181.0680572633364,174.4240054836315,63378900.0,,,,,,,,
GOOGL,2025-07-01,,,,,,,,,175.682861328125,175.9326379218849,173.37492804100808,35904500.0,,,,,,,,
GOOGL,2025-07-02,,,,,,,,,178.48036193847656,178.70016656024188,174.91356011283625,29128900.0,,,,,,,,
GOOGL,2025-07-03,,,,,,,,,179.36956787109375,179.50944215502514,176.89178830781478,21689700.0,,,,,,,,
GOOGL,2025-07-07,,,,,,,,,176.63201904296875,179.13978593904164,175.52301029591823,34175600.0,,,,,,,,
GOOGL,2025-07-08,,,,,,,,,174.20419311523438,177.7909814447806,172.6555751408571,40442500.0,,,,,,,,
GOOGL,2025-07-09,,,,,,,,,176.46217346191406,179.27966092294577,172.61562283881983,43025600.0,,,,,,,,
GOOGL,2025-07-10,,,,,,,,,177.46127319335938,178.27054693495992,174.22417822695712,29252400.0,,,,,,,,
GOOGL,2025-07-11,,,,,,,,,180.02899169921875,181.26787392679407,176.32230010231936,34282900.0,,,,,,,,
GOOGL,2025-07-14,,,,,,,,,181.3977508544922,183.5058659137902,179.5194259926096,32536600.0,,,,,,,,
GOOGL,2025-07-15,,,,,,,,,181.83737182617188,184.05538933948807,181.4377353487915,33448300.0,,,,,,,,
GOOGL,2025-07-16,,,,,,,,,182.80650329589844,184.1652886399438,181.86734081977315,33104200.0,,,,,,,,
GOOGL,2025-07-17,,,,,,,,,183.41595458984375,183.89552139280437,180.31871865434178,31992600.0,,,,,,,,
GOOGL,2025-07-18,,,,,,,,,184.89462280273438,186.25340807875182,183.54583834733725,34014500.0,,,,,,,,
GOOGL,2025-07-21,,,,,,,,,189.9301300048828,190.11994741222205,185.98364758555138,45803100.0,,,,,,,,
GOOGL,2025-07-22,,,,,,,,,191.1690216064453,191.47874216205827,187.29249900550474,44660200.0,,,,,,,,
GOOGL,2025-07-23,,,,,,,,,190.0600128173828,192.35796066638142,189.01094801184496,58681900.0,,,,,,,,
GOOGL,2025-07-24,,,,,,,,,191.99827575683594,197.7731095502254,190.8293230940032,74881700.0,,,,,,,,
GOOGL,2025-07-25,,,,,,,,,193.0073699951172,194.1563515198352,191.08908750710862,39785900.0,,,,,,,,
GOOGL,2025-07-28,,,,,,,,,192.4079132080078,193.87660084223495,190.6694625759226,38139500.0,,,,,,,,
GOOGL,2025-07-29,,,,,,,,,195.5750732421875,195.7449194968108,191.90835466905762,41389200.0,,,,,,,,
GOOGL,2025-07-30,,,,,,,,,196.35438537597656,197.42343657324804,194.51603320447785,32445400.0,,,,,,,,
GOOGL,2025-07-31,,,,,,,,,191.728515625,195.8148724632573,190.91924186518514,51329200.0,,,,,,,,
GOOGL,2025-08-01,,,,,,,,,188.96099853515625,190.65947636814528,187.65217158882444,34832200.0,,,,,,,,
GOOGL,2025-08-04,,,,,,,,,194.86570739746094,195.0955128481526,189.95010569222902,31547400.0,,,,,,,,
GOOGL,2025-08-05,,,,,,,,,194.4960479736328,197.68319994217242,193.71674617353807,31602300.0,,,,,,,,
GOOGL,2025-08-06,,,,,,,,,195.91476440429688,196.45429038129967,193.49692881868756,21562900.0,,,,,,,,
GOOGL,2025-08-07,,,,,,,,,196.34439086914062,197.36346840439734,194.15634544876863,26321800.0,,,,,,,,
GOOGL,2025-08-08,,,,,,,,,201.24000549316406,202.42894452614235,196.99380337261508,39161800.0,,,,,,,,
GOOGL,2025-08-11,,,,,,,,,200.8203887939453,201.29995560301907,198.8921207366326,25832400.0,,,,,,,,
GOOGL,2025-08-12,,,,,,,,,203.15829467773438,204.31726177746063,200.41075203769518,30397900.0,,,,,,,,
GOOGL,2025-08-13,,,,,,,,,201.779541015625,204.3472366094903,197.33350521250262,28342900.0,,,,,,,,
GOOGL,2025-08-14,,,,,,,,,202.75865173339844,204.2573113073674,201.05017311120625,25230400.0,,,,,,,,
GOOGL,2025-08-15,,,,,,,,,203.71778869628906,206.25552748751167,201.10013480886678,34931400.0,,,,,,,,
GOOGL,2025-08-18,,,,,,,,,203.3181610107422,205.08658368227987,202.30906899226142,18526600.0,,,,,,,,
GOOGL,2025-08-19,,,,,,,,,201.389892578125,203.2582167438639,199.7813305987235,24240200.0,,,,,,,,
GOOGL,2025-08-20,,,,,,,,,199.1418914794922,201.10013145192505,196.4243208994537,28955500.0,,,,,,,,
GOOGL,2025-08-21,,,,,,,,,199.57150268554688,202.29905887913935,199.25178132101763,19774600.0,,,,,,,,
GOOGL,2025-08-22,,,,,,,,,205.9058380126953,208.353645687597,201.12012497867053,42827000.0,,,,,,,,
GOOGL,2025-08-25,,,,,,,,,208.30369567871094,210.3318804204715,205.0965574752735,29928900.0,,,,,,,,
GOOGL,2025-08-26,,,,,,,,,206.95489501953125,207.66426725745978,205.5161793925774,28464100.0,,,,,,,,
GOOGL,2025-08-27,,,,,,,,,207.29458618164062,208.72331622375268,205.46621968804243,23022900.0,,,,,,,,
GOOGL,2025-08-28,,,,,,,,,211.4508819580078,212.0303655105851,206.71511204255788,32339300.0,,,,,,,,
GOOGL,2025-08-29,,,,,,,,,212.71974182128906,214.45817715575657,210.01215683893824,39728400.0,,,,,,,,
GOOGL,2025-09-02,,,,,,,,,211.16114807128906,211.4908397743193,206.01574085860813,47523000.0,,,,,,,,
GOOGL,2025-09-03,,,,,,,,,230.45388793945312,231.1033010071871,224.5891229524102,103336100.0,,,,,,,,
GOOGL,2025-09-04,,,,,,,,,232.09242248535156,232.16235200669,225.90795135774627,51684200.0,,,,,,,,
GOOGL,2025-09-05,,,,,,,,,234.79000854492188,235.54932393536487,231.69277254690593,46588900.0,,,,,,,,
GOOGL,2025-09-08,,,,,,,,,234.0399932861328,238.1300048828125,233.6699981689453,32474700.0,,,,,,,,
GOOGL,2025-09-09,,,,,,,,,239.6300048828125,240.47000122070312,233.22999572753906,38061000.0,,,,,,,,
GOOGL,2025-09-10,,,,,,,,,239.1699981689453,241.66000366210938,237.85000610351562,35141100.0,,,,,,,,
GOOGL,2025-09-11,,,,,,,,,240.3699951171875,242.25,236.25,30599300.0,,,,,,,,
GOOGL,2025-09-12,,,,,,,,,240.8000030517578,242.0800018310547,238.0,26771600.0,,,,,,,,
GOOGL,2025-09-15,,,,,,,,,251.61000061035156,252.41000366210938,244.66000366210938,58383800.0,,,,,,,,
GOOGL,2025-09-16,,,,,,,,,251.16000366210938,253.0399932861328,249.47000122070312,34109700.0,,,,,,,,
GOOGL,2025-09-17,,,,,,,,,249.52999877929688,251.60000610351562,246.27999877929688,34108000.0,,,,,,,,
GOOGL,2025-09-18,,,,,,,,,252.02999877929688,253.99000549316406,249.8000030517578,31239500.0,,,,,,,,
GOOGL,2025-09-19,,,,,,,,,254.72000122070312,256.0,251.80999755859375,55571400.0,,,,,,,,
GOOGL,2025-09-22,,,,,,,,,252.52999877929688,255.77999877929688,250.3000030517578,32290500.0,,,,,,,,
GOOGL,2025-09-23,,,,,,,,,251.66000366210938,254.36000061035156,250.47999572753906,26628000.0,,,,,,,,
GOOGL,2025-09-24,,,,,,,,,247.13999938964844,252.35000610351562,246.44000244140625,28201000.0,,,,,,,,
GOOGL,2025-09-25,,,,,,,,,245.7899932861328,246.49000549316406,240.74000549316406,31020400.0,,,,,,,,
GOOGL,2025-09-26,,,,,,,,,246.5399932861328,249.4199981689453,245.97000122070312,18503200.0,,,,,,,,
GOOGL,2025-09-29,,,,,,,,,244.0500030517578,251.14999389648438,242.77000427246094,32505800.0,,,,,,,,
GOOGL,2025-09-30,,,,,,,,,243.10000610351562,243.2899932861328,239.25,34724300.0,,,,,,,,
GOOGL,2025-10-01,,,,,,,,,244.89999389648438,246.3000030517578,238.61000061035156,31658200.0,,,,,,,,
GOOGL,2025-10-02,,,,,,,,,245.69000244140625,246.80999755859375,242.3000030517578,25483300.0,,,,,,,,
GOOGL,2025-10-03,,,,,,,,,245.35000610351562,246.3000030517578,241.66000366210938,30249600.0,,,,,,,,
GOOGL,2025-10-06,,,,,,,,,250.42999267578125,251.32000732421875,244.5800018310547,28894700.0,,,,,,,,
GOOGL,2025-10-07,,,,,,,,,245.75999450683594,250.44000244140625,245.52000427246094,23181300.0,,,,,,,,
GOOGL,2025-10-08,,,,,,,,,244.6199951171875,246.00999450683594,243.82000732421875,21307100.0,,,,,,,,
GOOGL,2025-10-09,,,,,,,,,241.52999877929688,244.75999450683594,239.14999389648438,27892100.0,,,,,,,,
GOOGL,2025-10-10,,,,,,,,,236.57000732421875,244.08999633789062,235.83999633789062,33180300.0,,,,,,,,
GOOGL,2025-10-13,,,,,,,,,244.14999389648438,244.5,239.7100067138672,24995000.0,,,,,,,,
GOOGL,2025-10-14,,,,,,,,,245.4499969482422,247.1199951171875,240.50999450683594,22111600.0,,,,,,,,
GOOGL,2025-10-15,,,,,,,,,251.02999877929688,252.11000061035156,245.99000549316406,27007700.0,,,,,,,,
GOOGL,2025-10-16,,,,,,,,,251.4600067138672,256.9599914550781,250.10000610351562,27997200.0,,,,,,,,
GOOGL,2025-10-17,,,,,,,,,253.3000030517578,254.22000122070312,247.80999755859375,29671600.0,,,,,,,,
GOOGL,2025-10-20,,,,,,,,,256.54998779296875,257.3299865722656,254.22999572753906,22350200.0,,,,,,,,
GOOGL,2025-10-21,,,,,,,,,250.4600067138672,254.8800048828125,244.14999389648438,47312100.0,,,,,,,,
GOOGL,2025-10-22,,,,,,,,,251.69000244140625,256.3599853515625,249.2899932861328,35029400.0,,,,,,,,
GOOGL,2025-10-23,,,,,,,,,253.0800018310547,255.0399932861328,251.85000610351562,19901400.0,,,,,,,,
GOOGL,2025-10-24,,,,,,,,,259.9200134277344,261.67999267578125,255.32000732421875,28655100.0,,,,,,,,
GOOGL,2025-10-27,,,,,,,,,269.2699890136719,270.1400146484375,264.2799987792969,35235200.0,,,,,,,,
GOOGL,2025-10-28,,,,,,,,,267.4700012207031,270.7300109863281,266.5,29738600.0,,,,,,,,
GOOGL,2025-10-29,,,,,,,,,274.57000732421875,275.3399963378906,267.6700134277344,43580300.0,,,,,,,,
GOOGL,2025-10-30,,,,,,,,,281.4800109863281,291.5899963378906,280.05999755859375,74876000.0,,,,,,,,
GOOGL,2025-10-31,,,,,,,,,281.19000244140625,286.0,277.0299987792969,39267900.0,,,,,,,,
GOOGL,2025-11-03,,,,,,,,,283.7200012207031,285.5299987792969,279.79998779296875,29786000.0,,,,,,,,
GOOGL,2025-11-04,,,,,,,,,277.5400085449219,281.2699890136719,276.260009765625,30078400.0,,,,,,,,
GOOGL,2025-11-05,,,,,,,,,284.30999755859375,286.4200134277344,277.3399963378906,31010300.0,,,,,,,,
GOOGL,2025-11-06,,,,,,,,,284.75,288.3500061035156,281.1400146484375,37173600.0,,,,,,,,
GOOGL,2025-11-07,,,,,,,,,278.8299865722656,283.7799987792969,275.19000244140625,34479600.0,,,,,,,,
GOOGL,2025-11-10,,,,,,,,,290.1000061035156,290.79998779296875,282.8599853515625,29557300.0,,,,,,,,
GOOGL,2025-11-11,,,,,,,,,291.30999755859375,291.9200134277344,287.32000732421875,19842100.0,,,,,,,,
GOOGL,2025-11-12,,,,,,,,,286.7099914550781,292.010009765625,283.69000244140625,24829900.0,,,,,,,,
GOOGL,2025-11-13,,,,,,,,,278.57000732421875,282.8399963378906,277.239990234375,29494000.0,,,,,,,,
GOOGL,2025-11-14,,,,,,,,,276.4100036621094,278.55999755859375,270.70001220703125,31647200.0,,,,,,,,
GOOGL,2025-11-17,,,,,,,,,285.0199890136719,293.95001220703125,283.57000732421875,52670200.0,,,,,,,,
GOOGL,2025-11-18,,,,,,,,,284.2799987792969,288.79998779296875,278.20001220703125,49158700.0,,,,,,,,
GOOGL,2025-11-19,,,,,,,,,292.80999755859375,303.80999755859375,286.6300048828125,68198900.0,,,,,,,,
GOOGL,2025-11-20,,,,,,,,,289.45001220703125,306.4200134277344,288.6700134277344,62025200.0,,,,,,,,
GOOGL,2025-11-21,,,,,,,,,299.6600036621094,303.9200134277344,293.8500061035156,74137700.0,,,,,,,,
GOOGL,2025-11-24,,,,,,,,,318.5799865722656,319.4800109863281,309.6000061035156,85165100.0,,,,,,,,
GOOGL,2025-11-25,,,,,,,,,323.44000244140625,328.8299865722656,317.6499938964844,88632100.0,,,,,,,,
GOOGL,2025-11-26,,,,,,,,,319.95001220703125,324.5,316.7900085449219,51373400.0,,,,,,,,
GOOGL,2025-11-28,,,,,,,,,320.17999267578125,326.8500061035156,316.7900085449219,26018600.0,,,,,,,,
GOOGL,2025-12-01,,,,,,,,,314.8900146484375,319.8500061035156,313.8900146484375,41183000.0,,,,,,,,
GOOGL,2025-12-02,,,,,,,,,315.80999755859375,318.3800048828125,313.9100036621094,35854700.0,,,,,,,,
GOOGL,2025-12-03,,,,,,,,,319.6300048828125,321.5799865722656,314.1000061035156,41838300.0,,,,,,,,
GOOGL,2025-12-04,,,,,,,,,317.6199951171875,322.3599853515625,314.70001220703125,31240900.0,,,,,,,,
GOOGL,2025-12-05,,,,,,,,,321.2699890136719,323.1600036621094,319.1700134277344,28823600.0,,,,,,,,
TSLA,2025-06-11,,,,,,,,,,,,,326.42999267578125,335.5,322.5,122611400.0,,,,
TSLA,2025-06-12,,,,,,,,,,,,,319.1099853515625,332.55999755859375,316.8599853515625,105127500.0,,,,
TSLA,2025-06-13,,,,,,,,,,,,,325.30999755859375,332.989990234375,313.29998779296875,128964300.0,,,,
TSLA,2025-06-16,,,,,,,,,,,,,329.1300048828125,332.04998779296875,326.4100036621094,83925900.0,,,,
TSLA,2025-06-17,,,,,,,,,,,,,316.3500061035156,327.260009765625,314.739990234375,88282700.0,,,,
TSLA,2025-06-18,,,,,,,,,,,,,322.04998779296875,329.32000732421875,315.45001220703125,95137700.0,,,,
TSLA,2025-06-20,,,,,,,,,,,,,322.1600036621094,332.3599853515625,317.7799987792969,108688000.0,,,,
TSLA,2025-06-23,,,,,,,,,,,,,348.67999267578125,357.5400085449219,327.4800109863281,190716800.0,,,,
TSLA,2025-06-24,,,,,,,,,,,,,340.4700012207031,356.260009765625,340.44000244140625,114736200.0,,,,
TSLA,2025-06-25,,,,,,,,,,,,,327.54998779296875,343.0,320.3999938964844,119845100.0,,,,
TSLA,2025-06-26,,,,,,,,,,,,,325.7799987792969,331.04998779296875,323.6099853515625,80440900.0,,,,
TSLA,2025-06-27,,,,,,,,,,,,,323.6300048828125,329.3399963378906,317.5,89067000.0,,,,
TSLA,2025-06-30,,,,,,,,,,,,,317.6600036621094,325.5799865722656,316.6000061035156,76695100.0,,,,
TSLA,2025-07-01,,,,,,,,,,,,,300.7099914550781,305.8900146484375,293.2099914550781,145085700.0,,,,
TSLA,2025-07-02,,,,,,,,,,,,,315.6499938964844,316.8299865722656,303.82000732421875,119483700.0,,,,
TSLA,2025-07-03,,,,,,,,,,,,,315.3500061035156,318.45001220703125,312.760009765625,58042300.0,,,,
TSLA,2025-07-07,,,,,,,,,,,,,293.94000244140625,296.1499938964844,288.7699890136719,131177900.0,,,,
TSLA,2025-07-08,,,,,,,,,,,,,297.80999755859375,304.04998779296875,294.3500061035156,103246700.0,,,,
TSLA,2025-07-09,,,,,,,,,,,,,295.8800048828125,300.1499938964844,293.54998779296875,75586800.0,,,,
TSLA,2025-07-10,,,,,,,,,,,,,309.8699951171875,310.4800109863281,300.0,104365300.0,,,,
TSLA,2025-07-11,,,,,,,,,,,,,313.510009765625,314.0899963378906,305.6499938964844,79236400.0,,,,
TSLA,2025-07-14,,,,,,,,,,,,,316.8999938964844,322.6000061035156,312.6700134277344,78043400.0,,,,
TSLA,2025-07-15,,,,,,,,,,,,,310.7799987792969,321.20001220703125,310.5,77556300.0,,,,
TSLA,2025-07-16,,,,,,,,,,,,,321.6700134277344,323.5,312.6199951171875,97284800.0,,,,
TSLA,2025-07-17,,,,,,,,,,,,,319.4100036621094,324.3399963378906,317.05999755859375,73922900.0,,,,
TSLA,2025-07-18,,,,,,,,,,,,,329.6499938964844,330.8999938964844,321.4200134277344,94255000.0,,,,
TSLA,2025-07-21,,,,,,,,,,,,,328.489990234375,338.0,326.8800048828125,75768800.0,,,,
TSLA,2025-07-22,,,,,,,,,,,,,332.1099853515625,335.4100036621094,321.54998779296875,77370400.0,,,,
TSLA,2025-07-23,,,,,,,,,,,,,332.55999755859375,336.20001220703125,328.6700134277344,92553800.0,,,,
TSLA,2025-07-24,,,,,,,,,,,,,305.29998779296875,310.1499938964844,300.4100036621094,156966000.0,,,,
TSLA,2025-07-25,,,,,,,,,,,,,316.05999755859375,323.6300048828125,308.010009765625,148227000.0,,,,
TSLA,2025-07-28,,,,,,,,,,,,,325.5899963378906,330.489990234375,315.69000244140625,112673800.0,,,,
TSLA,2025-07-29,,,,,,,,,,,,,321.20001220703125,326.25,318.25,87358900.0,,,,
TSLA,2025-07-30,,,,,,,,,,,,,319.0400085449219,324.45001220703125,311.6199951171875,83931900.0,,,,
TSLA,2025-07-31,,,,,,,,,,,,,308.2699890136719,321.3699951171875,306.1000061035156,85270900.0,,,,
TSLA,2025-08-01,,,,,,,,,,,,,302.6300048828125,309.30999755859375,297.82000732421875,89121400.0,,,,
TSLA,2025-08-04,,,,,,,,,,,,,309.260009765625,312.1199951171875,303.0,78683900.0,,,,
TSLA,2025-08-05,,,,,,,,,,,,,308.7200012207031,312.45001220703125,305.5,57961300.0,,,,
TSLA,2025-08-06,,,,,,,,,,,,,319.9100036621094,320.4700012207031,306.92999267578125,78523600.0,,,,
TSLA,2025-08-07,,,,,,,,,,,,,322.2699890136719,322.3999938964844,316.1600036621094,66658700.0,,,,
TSLA,2025-08-08,,,,,,,,,,,,,329.6499938964844,335.1499938964844,320.9800109863281,91200300.0,,,,
TSLA,2025-08-11,,,,,,,,,,,,,339.0299987792969,346.6400146484375,334.1499938964844,105320200.0,,,,
TSLA,2025-08-12,,,,,,,,,,,,,340.8399963378906,345.260009765625,332.94000244140625,80522100.0,,,,
TSLA,2025-08-13,,,,,,,,,,,,,339.3800048828125,348.9800109863281,338.20001220703125,67838900.0,,,,
TSLA,2025-08-14,,,,,,,,,,,,,335.5799865722656,340.4700012207031,330.3999938964844,75000700.0,,,,
TSLA,2025-08-15,,,,,,,,,,,,,330.55999755859375,339.29998779296875,327.0199890136719,74319800.0,,,,
TSLA,2025-08-18,,,,,,,,,,,,,335.1600036621094,336.2699890136719,329.5899963378906,56956600.0,,,,
TSLA,2025-08-19,,,,,,,,,,,,,329.30999755859375,340.54998779296875,327.8500061035156,75956000.0,,,,
TSLA,2025-08-20,,,,,,,,,,,,,323.8999938964844,331.3699951171875,314.6000061035156,77481800.0,,,,
TSLA,2025-08-21,,,,,,,,,,,,,320.1099853515625,324.8999938964844,318.67999267578125,55744400.0,,,,
TSLA,2025-08-22,,,,,,,,,,,,,340.010009765625,340.25,319.69000244140625,94016300.0,,,,
TSLA,2025-08-25,,,,,,,,,,,,,346.6000061035156,349.5299987792969,335.0299987792969,86670000.0,,,,
TSLA,2025-08-26,,,,,,,,,,,,,351.6700134277344,351.8999938964844,343.7200012207031,76651600.0,,,,
TSLA,2025-08-27,,,,,,,,,,,,,349.6000061035156,355.3900146484375,349.1600036621094,65519000.0,,,,
TSLA,2025-08-28,,,,,,,,,,,,,345.9800109863281,353.54998779296875,340.260009765625,67903200.0,,,,
TSLA,2025-08-29,,,,,,,,,,,,,333.8699951171875,348.75,331.70001220703125,81145700.0,,,,
TSLA,2025-09-02,,,,,,,,,,,,,329.3599853515625,333.3299865722656,325.6000061035156,58392000.0,,,,
TSLA,2025-09-03,,,,,,,,,,,,,334.0899963378906,343.3299865722656,328.510009765625,88733300.0,,,,
TSLA,2025-09-04,,,,,,,,,,,,,338.5299987792969,338.8900146484375,331.4800109863281,60711000.0,,,,
TSLA,2025-09-05,,,,,,,,,,,,,350.8399963378906,355.8699951171875,344.67999267578125,108989800.0,,,,
TSLA,2025-09-08,,,,,,,,,,,,,346.3999938964844,358.44000244140625,344.8399963378906,75208300.0,,,,
TSLA,2025-09-09,,,,,,,,,,,,,346.9700012207031,350.7699890136719,343.82000732421875,53816000.0,,,,
TSLA,2025-09-10,,,,,,,,,,,,,347.7900085449219,356.3299865722656,346.07000732421875,72121700.0,,,,
TSLA,2025-09-11,,,,,,,,,,,,,368.80999755859375,368.989990234375,347.6000061035156,103756000.0,,,,
TSLA,2025-09-12,,,,,,,,,,,,,395.94000244140625,396.69000244140625,370.239990234375,168156400.0,,,,
TSLA,2025-09-15,,,,,,,,,,,,,410.0400085449219,425.70001220703125,402.42999267578125,163823700.0,,,,
TSLA,2025-09-16,,,,,,,,,,,,,421.6199951171875,423.25,411.42999267578125,104285700.0,,,,
TSLA,2025-09-17,,,,,,,,,,,,,425.8599853515625,428.30999755859375,409.6700134277344,106133500.0,,,,
TSLA,2025-09-18,,,,,,,,,,,,,416.8500061035156,432.2200012207031,416.55999755859375,90454500.0,,,,
TSLA,2025-09-19,,,,,,,,,,,,,426.07000732421875,429.4700012207031,421.7200012207031,93131000.0,,,,
TSLA,2025-09-22,,,,,,,,,,,,,434.2099914550781,444.9800109863281,429.1300048828125,97108800.0,,,,
TSLA,2025-09-23,,,,,,,,,,,,,425.8500061035156,440.9700012207031,423.7200012207031,83422700.0,,,,
TSLA,2025-09-24,,,,,,,,,,,,,442.7900085449219,444.2099914550781,429.0299987792969,93133600.0,,,,
TSLA,2025-09-25,,,,,,,,,,,,,423.3900146484375,435.3500061035156,419.0799865722656,96746400.0,,,,
TSLA,2025-09-26,,,,,,,,,,,,,440.3999938964844,440.4700012207031,421.0199890136719,101628200.0,,,,
TSLA,2025-09-29,,,,,,,,,,,,,443.2099914550781,450.9800109863281,439.5,79491500.0,,,,
TSLA,2025-09-30,,,,,,,,,,,,,444.7200012207031,445.0,433.1199951171875,74358000.0,,,,
TSLA,2025-10-01,,,,,,,,,,,,,459.4599914550781,462.2900085449219,440.75,98122300.0,,,,
TSLA,2025-10-02,,,,,,,,,,,,,436.0,470.75,435.57000732421875,137009000.0,,,,
TSLA,2025-10-03,,,,,,,,,,,,,429.8299865722656,446.7699890136719,416.5799865722656,133188200.0,,,,
TSLA,2025-10-06,,,,,,,,,,,,,453.25,453.54998779296875,436.69000244140625,85324900.0,,,,
TSLA,2025-10-07,,,,,,,,,,,,,433.0899963378906,452.67999267578125,432.45001220703125,102296100.0,,,,
TSLA,2025-10-08,,,,,,,,,,,,,438.69000244140625,441.3299865722656,425.2300109863281,71192100.0,,,,
TSLA,2025-10-09,,,,,,,,,,,,,435.5400085449219,436.3500061035156,426.17999267578125,69339900.0,,,,
TSLA,2025-10-10,,,,,,,,,,,,,413.489990234375,443.1300048828125,411.45001220703125,112107900.0,,,,
TSLA,2025-10-13,,,,,,,,,,,,,435.8999938964844,436.8900146484375,419.70001220703125,79552800.0,,,,
TSLA,2025-10-14,,,,,,,,,,,,,429.239990234375,434.20001220703125,417.8599853515625,72669400.0,,,,
TSLA,2025-10-15,,,,,,,,,,,,,435.1499938964844,440.510009765625,426.3299865722656,71558200.0,,,,
TSLA,2025-10-16,,,,,,,,,,,,,428.75,439.3500061035156,421.30999755859375,77189900.0,,,,
TSLA,2025-10-17,,,,,,,,,,,,,439.30999755859375,441.4599914550781,423.6000061035156,89331600.0,,,,
TSLA,2025-10-20,,,,,,,,,,,,,447.42999267578125,449.79998779296875,440.6099853515625,63719000.0,,,,
TSLA,2025-10-21,,,,,,,,,,,,,442.6000061035156,449.29998779296875,442.04998779296875,54412200.0,,,,
TSLA,2025-10-22,,,,,,,,,,,,,438.9700012207031,445.5400085449219,429.0,84023500.0,,,,
TSLA,2025-10-23,,,,,,,,,,,,,448.9800109863281,449.3999938964844,413.8999938964844,126709800.0,,,,
TSLA,2025-10-24,,,,,,,,,,,,,433.7200012207031,451.67999267578125,430.1700134277344,94727800.0,,,,
TSLA,2025-10-27,,,,,,,,,,,,,452.4200134277344,460.1600036621094,438.69000244140625,105867500.0,,,,
TSLA,2025-10-28,,,,,,,,,,,,,460.54998779296875,467.0,451.6000061035156,80185700.0,,,,
TSLA,2025-10-29,,,,,,,,,,,,,461.510009765625,465.70001220703125,452.6499938964844,67983500.0,,,,
TSLA,2025-10-30,,,,,,,,,,,,,440.1000061035156,455.05999755859375,439.6099853515625,72447900.0,,,,
TSLA,2025-10-31,,,,,,,,,,,,,456.55999755859375,458.0,443.69000244140625,83135800.0,,,,
TSLA,2025-11-03,,,,,,,,,,,,,468.3699951171875,474.07000732421875,453.79998779296875,84595200.0,,,,
TSLA,2025-11-04,,,,,,,,,,,,,444.260009765625,460.2200012207031,443.6000061035156,87756600.0,,,,
TSLA,2025-11-05,,,,,,,,,,,,,462.07000732421875,466.3299865722656,440.7099914550781,85573000.0,,,,
TSLA,2025-11-06,,,,,,,,,,,,,445.9100036621094,467.45001220703125,435.0899963378906,109622900.0,,,,
TSLA,2025-11-07,,,,,,,,,,,,,429.5199890136719,439.3599853515625,421.8800048828125,103471500.0,,,,
TSLA,2025-11-10,,,,,,,,,,,,,445.2300109863281,449.6700134277344,433.3599853515625,76515900.0,,,,
TSLA,2025-11-11,,,,,,,,,,,,,439.6199951171875,442.489990234375,432.3599853515625,60533200.0,,,,
TSLA,2025-11-12,,,,,,,,,,,,,430.6000061035156,442.3299865722656,426.55999755859375,58513500.0,,,,
TSLA,2025-11-13,,,,,,,,,,,,,401.989990234375,424.5,396.3399963378906,118948000.0,,,,
TSLA,2025-11-14,,,,,,,,,,,,,404.3500061035156,412.19000244140625,382.7799987792969,105506700.0,,,,
TSLA,2025-11-17,,,,,,,,,,,,,408.9200134277344,423.9599914550781,398.739990234375,102214300.0,,,,
TSLA,2025-11-18,,,,,,,,,,,,,401.25,408.8999938964844,393.7099914550781,80688600.0,,,,
TSLA,2025-11-19,,,,,,,,,,,,,403.989990234375,411.7799987792969,398.5,72047700.0,,,,
TSLA,2025-11-20,,,,,,,,,,,,,395.2300109863281,428.94000244140625,394.739990234375,113548800.0,,,,
TSLA,2025-11-21,,,,,,,,,,,,,391.0899963378906,402.79998779296875,383.760009765625,100460600.0,,,,
TSLA,2025-11-24,,,,,,,,,,,,,417.7799987792969,421.7200012207031,401.0899963378906,96806400.0,,,,
TSLA,2025-11-25,,,,,,,,,,,,,419.3999938964844,420.4800109863281,405.95001220703125,71915600.0,,,,
TSLA,2025-11-26,,,,,,,,,,,,,426.5799865722656,426.94000244140625,416.8900146484375,63463000.0,,,,
TSLA,2025-11-28,,,,,,,,,,,,,430.1700134277344,432.92999267578125,426.20001220703125,36252900.0,,,,
TSLA,2025-12-01,,,,,,,,,,,,,430.1400146484375,433.6600036621094,425.2900085449219,57463600.0,,,,
TSLA,2025-12-02,,,,,,,,,,,,,429.239990234375,436.79998779296875,422.1199951171875,69336600.0,,,,
TSLA,2025-12-03,,,,,,,,,,,,,446.739990234375,447.9200134277344,431.1099853515625,87483000.0,,,,
TSLA,2025-12-04,,,,,,,,,,,,,454.5299987792969,454.6300048828125,445.3900146484375,71906500.0,,,,
TSLA,2025-12-05,,,,,,,,,,,,,455.0,458.8699951171875,451.6600036621094,56300700.0,,,,
SPY,2025-06-11,,,,,,,,,,,,,,,,,597.9297485351562,601.608655383662,595.851704156038,73658200.0
SPY,2025-06-12,,,,,,,,,,,,,,,,,600.3060913085938,600.3060913085938,596.1002394800107,64129000.0
SPY,2025-06-13,,,,,,,,,,,,,,,,,593.5946044921875,598.4169149439988,592.083255426069,89506000.0
SPY,2025-06-16,,,,,,,,,,,,,,,,,599.2421875,601.0021104918266,596.7961979763596,79984100.0
SPY,2025-06-17,,,,,,,,,,,,,,,,,594.12158203125,598.3174810611555,593.3559548666378,82209400.0
SPY,2025-06-18,,,,,,,,,,,,,,,,,594.0321044921875,597.7905111811382,593.0676059775907,76605000.0
SPY,2025-06-20,,,,,,,,,,,,,,,,,592.636962890625,597.8026339141032,591.2208450851572,94051400.0
SPY,2025-06-23,,,,,,,,,,,,,,,,,598.49072265625,598.8795981212522,590.2535502615591,87426000.0
SPY,2025-06-24,,,,,,,,,,,,,,,,,605.1024169921875,606.1694051168853,601.7416782982235,67735300.0
SPY,2025-06-25,,,,,,,,,,,,,,,,,605.4414672851562,606.9273380866383,603.8658185288903,62114800.0
SPY,2025-06-26,,,,,,,,,,,,,,,,,610.1783447265625,610.617130683572,606.6880212532993,78548400.0
SPY,2025-06-27,,,,,,,,,,,,,,,,,613.2098999023438,614.6858494593505,609.1412239120898,86258400.0
SPY,2025-06-30,,,,,,,,,,,,,,,,,616.1417846679688,617.5079921128906,613.3395560055452,92502500.0
SPY,2025-07-01,,,,,,,,,,,,,,,,,615.9423828125,617.1191131155733,613.8182668389494,70030100.0
SPY,2025-07-02,,,,,,,,,,,,,,,,,618.734619140625,618.7744866384667,614.9052090235124,66510400.0
SPY,2025-07-03,,,,,,,,,,,,,,,,,623.611083984375,624.5484875028751,620.7090954800537,51065800.0
SPY,2025-07-07,,,,,,,,,,,,,,,,,618.9639892578125,622.3047639816969,616.1617605422166,74814500.0
SPY,2025-07-08,,,,,,,,,,,,,,,,,618.6249389648438,620.3900039601925,617.8071987595777,59024600.0
SPY,2025-07-09,,,,,,,,,,,,,,,,,622.3345947265625,622.9927431754923,619.1932795088373,66113300.0
SPY,2025-07-10,,,,,,,,,,,,,,,,,624.0897827148438,625.1368675729468,621.2875540464601,57529000.0
SPY,2025-07-11,,,,,,,,,,,,,,,,,621.8958129882812,623.1323749024951,619.8116254973129,63670200.0
SPY,2025-07-14,,,,,,,,,,,,,,,,,623.08251953125,623.4315275028133,620.0808318567448,51898500.0
SPY,2025-07-15,,,,,,,,,,,,,,,,,620.419921875,626.1240780025647,620.340126016414,74317300.0
SPY,2025-07-16,,,,,,,,,,,,,,,,,622.494140625,623.0027403264891,616.3412163521633,88987500.0
SPY,2025-07-17,,,,,,,,,,,,,,,,,626.3035888671875,626.6626398066976,622.4542755061946,68885700.0
SPY,2025-07-18,,,,,,,,,,,,,,,,,625.8449096679688,627.7296380152247,624.7280110672211,65621600.0
SPY,2025-07-21,,,,,,,,,,,,,,,,,627.0316162109375,629.7939164140192,626.6028123652087,63375000.0
SPY,2025-07-22,,,,,,,,,,,,,,,,,627.121337890625,627.9889276793821,624.4587368446605,60046300.0
SPY,2025-07-23,,,,,,,,,,,,,,,,,632.4566040039062,632.4566040039062,627.9889485945137,70511000.0
SPY,2025-07-24,,,,,,,,,,,,,,,,,632.6659545898438,634.3912129187636,632.2371507469353,71307100.0
SPY,2025-07-25,,,,,,,,,,,,,,,,,635.3385620117188,635.8172763273444,633.0848614440556,56865400.0
SPY,2025-07-28,,,,,,,,,,,,,,,,,635.1790161132812,636.2759505305676,633.782862430909,54917100.0
SPY,2025-07-29,,,,,,,,,,,,,,,,,633.503662109375,636.9042074633194,632.5862227401361,60556300.0
SPY,2025-07-30,,,,,,,,,,,,,,,,,632.7058715820312,635.9169397338984,629.7939009526881,80418900.0
SPY,2025-07-31,,,,,,,,,,,,,,,,,630.3324584960938,638.0809348105399,629.0260827850975,103385200.0
SPY,2025-08-01,,,,,,,,,,,,,,,,,620.0010375976562,624.6083202058907,617.5777633723885,140103600.0
SPY,2025-08-04,,,,,,,,,,,,,,,,,629.4249267578125,629.4747763447384,623.8504160518278,73218000.0
SPY,2025-08-05,,,,,,,,,,,,,,,,,626.2337646484375,630.8609506236863,625.3063432085271,68051400.0
SPY,2025-08-06,,,,,,,,,,,,,,,,,631.030517578125,631.6886660273483,626.3933495625395,64357500.0
SPY,2025-08-07,,,,,,,,,,,,,,,,,630.501953125,635.2188561282265,627.3706199993678,74205800.0
SPY,2025-08-08,,,,,,,,,,,,,,,,,635.4183349609375,635.8870671683993,631.9878433436463,64051600.0
SPY,2025-08-11,,,,,,,,,,,,,,,,,634.1618041992188,637.1834561323586,632.9052780831173,58742300.0
SPY,2025-08-12,,,,,,,,,,,,,,,,,640.9131469726562,641.0726778368414,635.0294344517399,64730800.0
SPY,2025-08-13,,,,,,,,,,,,,,,,,643.1070556640625,644.4034493171588,640.9031438473124,60092800.0
SPY,2025-08-14,,,,,,,,,,,,,,,,,643.1668701171875,643.8350006749072,640.5641007895744,59327500.0
SPY,2025-08-15,,,,,,,,,,,,,,,,,641.6610717773438,644.3037696191185,640.7436323612244,68592500.0
SPY,2025-08-18,,,,,,,,,,,,,,,,,641.5214233398438,642.2195001872421,640.40452473057,43804900.0
SPY,2025-08-19,,,,,,,,,,,,,,,,,638.0410766601562,642.3291760201543,636.714736747966,69750700.0
SPY,2025-08-20,,,,,,,,,,,,,,,,,636.3457641601562,637.89146660832,631.2000571048222,88890300.0
SPY,2025-08-21,,,,,,,,,,,,,,,,,633.7928466796875,636.2061389257788,632.057667095043,54805800.0
SPY,2025-08-22,,,,,,,,,,,,,,,,,643.52587890625,644.7125912923959,635.4881651988852,84083200.0
SPY,2025-08-25,,,,,,,,,,,,,,,,,640.6936645507812,643.505875096025,640.5740011970607,51274300.0
SPY,2025-08-26,,,,,,,,,,,,,,,,,643.3762817382812,643.7253506035642,639.7962411945653,51581600.0
SPY,2025-08-27,,,,,,,,,,,,,,,,,644.8422241210938,645.580168455503,642.6383123424215,48341100.0
SPY,2025-08-28,,,,,,,,,,,,,,,,,647.1258544921875,647.6843037743214,643.5557962693775,61519500.0
SPY,2025-08-29,,,,,,,,,,,,,,,,,643.2666015625,646.04892693251,641.361908969664,74522200.0
SPY,2025-09-02,,,,,,,,,,,,,,,,,638.4998168945312,638.7191794281234,633.1645719217177,81983500.0
SPY,2025-09-03,,,,,,,,,,,,,,,,,641.960205078125,642.4289372924937,638.6893051342267,70820900.0
SPY,2025-09-04,,,,,,,,,,,,,,,,,647.3253173828125,647.3552636551144,641.7308424389964,65219200.0
SPY,2025-09-05,,,,,,,,,,,,,,,,,645.4505004882812,650.4067910780432,641.551337641252,85178900.0
SPY,2025-09-08,,,,,,,,,,,,,,,,,647.0361328125,648.0433501046099,645.4405199703039,63133100.0
SPY,2025-09-09,,,,,,,,,,,,,,,,,648.531982421875,649.0604854255209,645.4305347021028,66133900.0
SPY,2025-09-10,,,,,,,,,,,,,,,,,650.4067993164062,652.7402956265305,648.8311506393708,78034500.0
SPY,2025-09-11,,,,,,,,,,,,,,,,,655.8118286132812,656.5099054682547,651.7830200765693,69934400.0
SPY,2025-09-12,,,,,,,,,,,,,,,,,655.5924072265625,657.2877193463212,655.0838683704039,72780100.0
SPY,2025-09-15,,,,,,,,,,,,,,,,,659.0827026367188,659.2123480846643,657.5170969033588,63772400.0
SPY,2025-09-16,,,,,,,,,,,,,,,,,658.1752319335938,659.9503398052897,657.3874380375795,61169000.0
SPY,2025-09-17,,,,,,,,,,,,,,,,,657.3575439453125,659.8904996422112,652.4910309141978,101952200.0
SPY,2025-09-18,,,,,,,,,,,,,,,,,660.4290161132812,663.0517496492283,658.4445277353276,90459200.0
SPY,2025-09-19,,,,,,,,,,,,,,,,,663.7000122070312,664.5499877929688,660.3699951171875,97945600.0
SPY,2025-09-22,,,,,,,,,,,,,,,,,666.8400268554688,667.2899780273438,662.1699829101562,69452200.0
SPY,2025-09-23,,,,,,,,,,,,,,,,,663.2100219726562,667.3400268554688,661.97998046875,81708900.0
SPY,2025-09-24,,,,,,,,,,,,,,,,,661.0999755859375,664.6099853515625,659.6699829101562,68082200.0
SPY,2025-09-25,,,,,,,,,,,,,,,,,658.0499877929688,659.4099731445312,654.4099731445312,89622100.0
SPY,2025-09-26,,,,,,,,,,,,,,,,,661.8200073242188,662.3699951171875,657.8800048828125,69179200.0
SPY,2025-09-29,,,,,,,,,,,,,,,,,663.6799926757812,665.280029296875,661.8599853515625,73499000.0
SPY,2025-09-30,,,,,,,,,,,,,,,,,666.1799926757812,666.6500244140625,661.6099853515625,86288000.0
SPY,2025-10-01,,,,,,,,,,,,,,,,,668.4500122070312,669.3699951171875,663.0599975585938,72545400.0
SPY,2025-10-02,,,,,,,,,,,,,,,,,669.219970703125,670.5700073242188,666.780029296875,56896000.0
SPY,2025-10-03,,,,,,,,,,,,,,,,,669.2100219726562,672.6799926757812,668.1599731445312,70494400.0
SPY,2025-10-06,,,,,,,,,,,,,,,,,671.6099853515625,672.510009765625,669.4600219726562,54623300.0
SPY,2025-10-07,,,,,,,,,,,,,,,,,669.1199951171875,672.989990234375,667.6699829101562,72020100.0
SPY,2025-10-08,,,,,,,,,,,,,,,,,673.1099853515625,673.2100219726562,669.4199829101562,60702200.0
SPY,2025-10-09,,,,,,,,,,,,,,,,,671.1599731445312,673.9400024414062,669.2100219726562,66501900.0
SPY,2025-10-10,,,,,,,,,,,,,,,,,653.02001953125,673.9500122070312,652.8400268554688,159422600.0
SPY,2025-10-13,,,,,,,,,,,,,,,,,663.0399780273438,665.1300048828125,659.77001953125,79560500.0
SPY,2025-10-14,,,,,,,,,,,,,,,,,662.22998046875,665.8300170898438,653.1699829101562,88779600.0
SPY,2025-10-15,,,,,,,,,,,,,,,,,665.1699829101562,670.22998046875,658.9299926757812,81702600.0
SPY,2025-10-16,,,,,,,,,,,,,,,,,660.6400146484375,668.7100219726562,657.1099853515625,110563300.0
SPY,2025-10-17,,,,,,,,,,,,,,,,,664.3900146484375,665.760009765625,658.1400146484375,96500900.0
SPY,2025-10-20,,,,,,,,,,,,,,,,,671.2999877929688,672.2100219726562,667.27001953125,60493400.0
SPY,2025-10-21,,,,,,,,,,,,,,,,,671.2899780273438,672.989990234375,669.97998046875,56249000.0
SPY,2025-10-22,,,,,,,,,,,,,,,,,667.7999877929688,672.0,663.2999877929688,80564000.0
SPY,2025-10-23,,,,,,,,,,,,,,,,,671.760009765625,672.7100219726562,667.7999877929688,65604500.0
SPY,2025-10-24,,,,,,,,,,,,,,,,,677.25,678.469970703125,675.6500244140625,74356500.0
SPY,2025-10-27,,,,,,,,,,,,,,,,,685.239990234375,685.5399780273438,682.1199951171875,63339800.0
SPY,2025-10-28,,,,,,,,,,,,,,,,,687.0599975585938,688.9099731445312,684.8300170898438,61738100.0
SPY,2025-10-29,,,,,,,,,,,,,,,,,687.3900146484375,689.7000122070312,682.8699951171875,85657100.0
SPY,2025-10-30,,,,,,,,,,,,,,,,,679.8300170898438,685.9400024414062,679.8300170898438,76335800.0
SPY,2025-10-31,,,,,,,,,,,,,,,,,682.0599975585938,685.0800170898438,679.239990234375,87164100.0
SPY,2025-11-03,,,,,,,,,,,,,,,,,683.3400268554688,685.7999877929688,679.9400024414062,57315000.0
SPY,2025-11-04,,,,,,,,,,,,,,,,,675.239990234375,679.9600219726562,674.5800170898438,78427000.0
SPY,2025-11-05,,,,,,,,,,,,,,,,,677.5800170898438,680.8599853515625,674.1699829101562,74402400.0
SPY,2025-11-06,,,,,,,,,,,,,,,,,670.3099975585938,677.3800048828125,668.719970703125,85035300.0
SPY,2025-11-07,,,,,,,,,,,,,,,,,670.969970703125,671.0800170898438,661.2100219726562,100592400.0
SPY,2025-11-10,,,,,,,,,,,,,,,,,681.4400024414062,682.1799926757812,675.030029296875,75842900.0
SPY,2025-11-11,,,,,,,,,,,,,,,,,683.0,683.5700073242188,678.72998046875,58953400.0
SPY,2025-11-12,,,,,,,,,,,,,,,,,683.3800048828125,684.9600219726562,680.9500122070312,62312500.0
SPY,2025-11-13,,,,,,,,,,,,,,,,,672.0399780273438,680.8599853515625,670.52001953125,103457800.0
SPY,2025-11-14,,,,,,,,,,,,,,,,,671.9299926757812,675.6599731445312,663.27001953125,96846700.0
SPY,2025-11-17,,,,,,,,,,,,,,,,,665.6699829101562,673.7100219726562,662.1699829101562,90456100.0
SPY,2025-11-18,,,,,,,,,,,,,,,,,660.0800170898438,665.1199951171875,655.8599853515625,114467500.0
SPY,2025-11-19,,,,,,,,,,,,,,,,,662.6300048828125,667.3400268554688,658.75,94703000.0
SPY,2025-11-20,,,,,,,,,,,,,,,,,652.530029296875,675.5599975585938,651.8900146484375,165293500.0
SPY,2025-11-21,,,,,,,,,,,,,,,,,659.030029296875,664.5499877929688,650.8499755859375,123956200.0
SPY,2025-11-24,,,,,,,,,,,,,,,,,668.72998046875,670.0599975585938,661.5900268554688,80437900.0
SPY,2025-11-25,,,,,,,,,,,,,,,,,675.02001953125,676.2100219726562,664.47998046875,81077100.0
SPY,2025-11-26,,,,,,,,,,,,,,,,,679.6799926757812,681.7000122070312,676.719970703125,71879600.0
SPY,2025-11-28,,,,,,,,,,,,,,,,,683.3900146484375,683.6699829101562,680.5,49212000.0
SPY,2025-12-01,,,,,,,,,,,,,,,,,680.27001953125,682.989990234375,678.739990234375,61201200.0
SPY,2025-12-02,,,,,,,,,,,,,,,,,681.530029296875,683.8200073242188,679.3300170898438,62953800.0
SPY,2025-12-03,,,,,,,,,,,,,,,,,683.8900146484375,684.9099731445312,679.6900024414062,57238500.0
SPY,2025-12-04,,,,,,,,,,,,,,,,,684.3900146484375,685.3699951171875,681.3400268554688,61970300.0
SPY,2025-12-05,,,,,,,,,,,,,,,,,685.6900024414062,688.3900146484375,684.5800170898438,79205800.0
