date,vix,treasury_2y,treasury_10y,dollar_index,put_call_ratio,market_regime
2025-06-11,19.702705948875,4.140004648717971,4.052136634452197,106.34034975432088,0.9605718714814298,Neutral
2025-06-12,17.008122053045366,3.8575421477642857,3.953860878554533,106.6661467467534,0.7236048209738573,Neutral
2025-06-13,21.082555590640055,3.8366621958967273,4.446089013099473,106.2799696841791,0.9127690306941558,Neutral
2025-06-16,24.924700448388343,4.0998917100489995,4.2435696161090855,104.64743073832778,1.0644924571036762,Neutral
2025-06-17,13.577779468329013,3.9687054477528885,4.287800541704872,106.80537437469525,0.7717989399294026,Neutral
2025-06-18,13.978154511132233,4.128829684812093,4.026527638417999,102.27417455417142,0.972522315037245,Neutral
2025-06-19,22.380131859886177,4.09614336936933,4.109299057057751,103.46886423945584,0.9326684837843616,Neutral
2025-06-20,15.475654857050511,3.9976865789961016,4.008426026032206,100.38935373117741,0.9661403413854973,Neutral
2025-06-23,15.868361986496398,4.4219269019337055,4.209664039684147,103.17224242031293,1.1680096193014373,Neutral
2025-06-24,16.333757539438853,3.6622919741948294,3.6891631409764036,107.451186381245,0.9313019492360443,Neutral
2025-06-25,18.3732254915515,3.9954249859350655,4.436905906402712,100.34165266719413,0.8096413568347065,Neutral
2025-06-26,17.070069918645817,4.131259693303451,3.9029740196669147,106.68109023365861,0.8769264240495905,Neutral
2025-06-27,14.556351342218218,4.10223235830868,4.189281950787224,108.25506715675074,0.8865192064868145,Neutral
2025-06-30,19.305939571638884,3.846700254167596,4.369440828218102,107.89940050806547,0.997970506970418,Neutral
2025-07-01,11.460191417298876,3.7808226498299273,3.9849700672921067,100.69895881131144,1.0117482022088304,Neutral
2025-07-02,20.41404591321007,4.019487202542104,4.286472516697627,108.92542000168037,1.019172923515838,Neutral
2025-07-03,18.919948159084626,3.880121119076931,3.9376782864643958,104.52288438087005,0.9117143602172166,Neutral
2025-07-04,17.77482165567663,4.327996562809675,4.212516245803109,106.63030784564684,1.066335634588679,Neutral
2025-07-07,18.007933797017596,4.308490466584196,4.345654397713508,106.35148786655256,1.0516909761046198,Neutral
2025-07-08,15.209258581544935,4.1617280028000785,4.214559366563717,103.42103942011114,1.0902862693713344,Neutral
2025-07-09,18.881880089321545,4.092301125101028,4.150895964805585,103.04879714942001,0.8805873471362445,Neutral
2025-07-10,21.44837295511509,4.1327016502195315,4.454473141034948,103.16654662903785,0.9381243456214033,Neutral
2025-07-11,17.41399852177375,3.873262049322501,4.170783210338302,104.66062559560294,0.9218518729489856,Neutral
2025-07-14,15.736790197340857,4.093052604535893,4.226282825243219,103.26803847783883,1.0571297889834794,Neutral
2025-07-15,18.681430001080052,3.9519281546339813,4.2720315395827715,105.4820073764517,0.7940668798961503,Neutral
2025-07-16,20.193049210048482,3.8333718519972084,3.8865049774004525,106.8814019768967,0.7526316658185321,Neutral
2025-07-17,16.999238189565556,4.248676105297597,4.416207906596766,102.55020233443855,0.9243112480474547,Neutral
2025-07-18,21.29344039895105,3.996107186637442,3.6609407917954515,102.45133800207047,0.9396663284114529,Neutral
2025-07-21,16.48097346805274,4.043392246734553,4.341873362707812,107.2565741433213,0.8602958729617436,Neutral
2025-07-22,21.166359647448576,4.2772508927394615,4.315426144937122,105.23875071510996,0.7176333142357926,Neutral
2025-07-23,16.33713637586553,4.076464384741611,3.6429498978325077,105.52125430950504,0.7690602748235417,Neutral
2025-07-24,15.207341156514845,4.385254463717723,4.372303524758221,101.69144762779283,0.9410590704625506,Neutral
2025-07-25,18.785964010124435,3.9074587302857315,3.8797068003143123,107.12748404876767,0.9085054555144075,Neutral
2025-07-28,16.925305493041556,3.7782084303324086,3.9911909293417347,107.79880783605715,0.8818354140535843,Neutral
2025-07-29,17.51664233935952,4.028345585932882,4.496446821521613,106.91606637879902,0.9490907748036628,Neutral
2025-07-30,16.612823960553833,4.007150053166922,4.106500347209935,98.91567974233779,0.89926933530201,Neutral
2025-07-31,21.64581770005978,4.0559810925561415,4.183860232402319,106.15470066387583,1.0640095817654887,Neutral
2025-08-01,15.831397027404263,3.643046414859681,4.253266596009955,106.13782192451944,0.9112504021484099,Neutral
2025-08-04,19.972720201902757,4.210859871280907,3.9836741028474685,109.12571925106394,0.7008093713768883,Neutral
2025-08-05,13.457224814153744,4.022909737896766,4.191601154006817,105.24364156964874,0.7728812387907371,Neutral
2025-08-06,17.96365553402273,3.9388592998680165,3.8758462131590785,105.71977403812728,0.9721804929161796,Neutral
2025-08-07,19.29858779464238,4.04235268156625,4.285959087592735,106.5965036758017,0.740130663982843,Neutral
2025-08-08,21.08691961754829,4.043766390269198,4.274223797267381,100.1429986899894,0.9602278117742782,Neutral
2025-08-11,22.30705921134753,4.151062704170628,4.598069892074682,105.50354488931625,0.8839674795477137,Neutral
2025-08-12,13.831867259553377,3.825048610242394,4.0564074374807335,105.06300837266846,0.9334322297917772,Neutral
2025-08-13,21.751926885856356,3.919929621205796,4.021598954599115,103.67269819076617,0.9397224686143599,Neutral
2025-08-14,15.45622088651417,4.2222578936995125,4.43720369844461,106.77758152097671,1.0516492397561406,Neutral
2025-08-15,15.446348059956954,4.27586851631532,4.124677140268922,103.42647241570678,0.8972258284434554,Neutral
2025-08-18,20.41809955065543,4.07545701674187,4.586852089074044,102.4173608520902,0.6483425308135751,Neutral
2025-08-19,23.555418813746282,3.9801325836503194,4.046336209499084,106.65473748908667,0.7960831194288608,Neutral
2025-08-20,22.49925411187757,3.8007440600028177,3.9917287885022286,103.77820236241455,0.7438760558586921,Neutral
2025-08-21,15.611618469228322,4.109254631662384,4.173070392133583,106.56820281653464,0.9583966081204257,Neutral
2025-08-22,17.666207284836567,4.233181235082793,4.08452459178466,101.97390449600145,0.9144683036163809,Neutral
2025-08-25,16.187223755073965,3.9726932760797817,4.04452234444254,106.72406766688322,0.878241612316321,Neutral
2025-08-26,16.61932972898228,4.14730733761708,4.324087978249903,103.46929841849635,0.914580369916484,Neutral
2025-08-27,14.624916007100168,4.039249600727399,4.333816088377531,104.17562088744167,0.9850803551577652,Neutral
2025-08-28,16.72359621678746,3.6889592325509812,4.060975155857937,102.47177458625129,0.956372548648896,Neutral
2025-08-29,20.90501487381056,4.393660667949575,4.322423135309281,106.42863515196824,0.9470884250582499,Neutral
2025-09-01,18.16915193803492,3.961507748386489,4.135097785923349,104.62436975370002,1.0857435559300836,Neutral
2025-09-02,19.515392567432315,4.193171419079438,3.9917170862823372,102.4431686247284,0.8095958503122569,Neutral
2025-09-03,20.87407619869446,4.356819797561799,4.2192486706261345,103.43888600105919,0.8893966723859252,Neutral
2025-09-04,21.24631208211071,4.181855210890793,4.247941707877738,106.37618328054212,0.8666797498475938,Neutral
2025-09-05,20.872681942712234,3.741431755538448,4.274138643900868,105.8106081996491,0.9714734956568803,Neutral
2025-09-08,21.391055494572093,4.163476200035308,4.268235511145353,105.2019781789539,0.8360545392443461,Neutral
2025-09-09,19.366132574638723,3.8812924006106404,3.8528889424869437,104.74516535407643,0.6430176840635906,Neutral
2025-09-10,20.457774260406808,3.8224405922905644,3.8083788984210405,105.68695109316029,0.820786283612775,Neutral
2025-09-11,20.03359156398725,3.923587328893522,3.932814054728416,105.0882647705673,0.9431917995134492,Neutral
2025-09-12,21.08134911158606,3.616047616961387,4.239314455245973,106.52273015745851,1.0090484134950968,Neutral
2025-09-15,17.412597207739136,3.862711953376103,4.3950315763535635,104.23010153759454,0.9861125178098612,Neutral
2025-09-16,25.357746184822204,3.75685666006321,4.30266448413734,105.35038925320258,1.1496144649377935,Neutral
2025-09-17,20.48756734246475,4.216870973015779,4.525254594718774,103.27438464657183,0.8386229146406077,Neutral
2025-09-18,14.60565370105755,3.9030185331108975,4.131826641702778,101.94342634708357,0.9271777815090784,Neutral
2025-09-19,25.29646398683141,3.55992683762195,3.9866118748214636,107.28557152835182,0.9107612797560193,Neutral
2025-09-22,22.33004740315119,4.181370475184707,4.358680107123857,103.04595274428488,0.9576379688428918,Neutral
2025-09-23,19.457678117345026,3.7008827135576863,3.939599852128327,106.9001010174664,1.084967147546124,Neutral
2025-09-24,21.74521895997474,3.88894426288022,4.113962125661847,106.73657500974893,0.8295647253165784,Neutral
2025-09-25,17.844299508319587,4.166548263249315,4.32979406464394,106.58745793813316,0.8401035293517836,Neutral
2025-09-26,16.600528227222576,3.6545129301333787,4.298977588188965,105.81067090793786,0.8406166807401695,Neutral
2025-09-29,17.315908709669117,3.8766228620883894,4.32167440313086,107.1171316343801,0.8186843249036577,Neutral
2025-09-30,14.375142376099834,4.228519807363165,3.9164517796133356,108.91975441106223,1.01800069799916,Neutral
2025-10-01,21.778385982295493,4.226136882399586,4.054434867066291,102.42694914833451,0.8507745303915385,Neutral
2025-10-02,17.75328170755375,3.957526703820931,4.141310110526516,104.78640161633781,0.750528701564451,Neutral
2025-10-03,18.901817943370386,3.6053559540444735,4.103466301248155,105.90948484106409,1.0615368314622202,Neutral
2025-10-06,18.864582406534012,3.7381446253917225,4.262907980767788,106.0319305844968,1.0020718365200096,Neutral
2025-10-07,18.67603751007578,4.075313648065836,4.287726735717266,104.052557941177,0.9987668909929527,Neutral
2025-10-08,14.823982374284606,4.020533418430065,4.393193184344799,100.21459579665611,0.9300644707707336,Neutral
2025-10-09,10.990113638987014,3.861519605265218,4.166181171785617,102.34804534071355,0.9782333329045779,Neutral
2025-10-10,21.319370226226376,3.7157876624337063,4.170170299615813,106.66064965252116,1.0259592204379777,Neutral
2025-10-13,13.92279826862086,4.0236993911877965,4.1935108068413784,104.91393892702033,1.0000630363236342,Neutral
2025-10-14,18.521377547061757,3.9721163994123008,4.212843995968786,105.3640465097723,0.8021194814770853,Neutral
2025-10-15,18.28685961107095,4.0761080555315905,4.238084288583412,105.12380871767131,0.9578125830824118,Neutral
2025-10-16,18.79964175018061,3.698087065499737,4.282175274851933,105.3143101000395,0.8257985007445613,Neutral
2025-10-17,20.35146078977314,4.370110595723641,4.3365899094551645,106.97943994327022,0.8225323348856522,Neutral
2025-10-20,14.606528354583448,4.1074939445395975,4.277824762694087,107.69691465197846,0.8761463924117567,Neutral
2025-10-21,20.256562507656653,4.009113830319451,4.0827457099708635,109.79779149852673,0.7864716592609657,Neutral
2025-10-22,16.09708581294104,3.9175169463893225,4.142772003875043,105.30339604346321,0.8829601902317123,Neutral
2025-10-23,21.933404417638414,3.9960013308305737,3.8306126876326867,108.20601956562057,0.9233734364838123,Neutral
2025-10-24,15.766598204402584,3.893271289934518,4.47647535002721,104.18600154786132,0.9517621058748623,Neutral
2025-10-27,22.925851579766082,3.8943686971839977,4.071683123718931,106.62771918998024,0.9846159946176745,Neutral
2025-10-28,26.15204938152785,3.864359161762928,4.3148622105547,102.75011786797526,0.8997481061493168,Neutral
2025-10-29,20.810277488183857,4.0148427552724835,3.924932862606887,101.0088578508948,0.7818959690931054,Neutral
2025-10-30,18.83193048433264,4.163337952608952,3.9785129730829536,102.72984894582372,1.0183504957038383,Neutral
2025-10-31,15.2318696432139,3.8708210581886786,4.24281897300098,104.77766273113498,0.8490534312614321,Neutral
2025-11-03,22.001646423542503,4.311522971125586,3.8746476483027195,106.66130449072126,0.9437297691712042,Neutral
2025-11-04,24.598349986207822,4.286097269800836,4.147011026800956,102.26265529594018,0.9062458895005379,Neutral
2025-11-05,21.195846018776226,4.1737764704643165,4.193178894265143,106.68181338209105,0.9443678064710741,Neutral
2025-11-06,16.567487539899677,4.0132973921131665,4.268359143678233,105.31925249524863,0.7555155614675397,Neutral
2025-11-07,15.333467419132985,4.146878071530048,4.230626873896577,107.4518109720549,0.603127852059665,Neutral
2025-11-10,18.383555885910567,4.326796299105548,4.076857389902159,107.3488084142499,0.9727159061365693,Neutral
2025-11-11,21.251701876069497,3.974580647656535,4.075369303371744,106.43235285903044,0.753605345023435,Neutral
2025-11-12,15.85479739152534,4.4386516721134015,4.350758455807293,103.31726357432531,0.9760976417472684,Neutral
2025-11-13,18.027335135863733,4.367620073390597,4.223203573181418,103.83705344488098,0.86338864046791,Neutral
2025-11-14,17.10615840101575,4.0755646034913235,4.254494286899015,104.25097794799571,0.8143943565027731,Neutral
2025-11-17,16.368558180318647,4.017454576044977,4.012371355640738,103.64065647555131,0.7228639487531269,Neutral
2025-11-18,15.735983450677843,3.988451072645316,4.389501026962853,101.46261464225388,0.8788040862106522,Neutral
2025-11-19,14.326580810779173,3.9696803203571283,4.161987259909209,101.54632306220591,0.9964698007920122,Neutral
2025-11-20,14.56604184728844,3.901215427982969,4.178202218184819,105.72629138847394,0.9062986728199406,Neutral
2025-11-21,16.191267248965985,4.14690269338694,3.8081980082821807,105.22478897354165,0.9579884679140872,Neutral
2025-11-24,18.60368372285619,3.986973233824152,4.380702102556166,101.86318252135223,0.7348001790334617,Neutral
2025-11-25,14.297146271789295,3.7047287297806846,4.099431093051614,104.79255746559288,0.8174459023270193,Neutral
2025-11-26,16.47894691288018,3.9351037272130815,4.2711387313686275,103.16864584619385,0.8854898606610742,Neutral
2025-11-27,14.97441840251434,4.074513892833906,4.02901761305398,107.02959409282711,0.8661630351207186,Neutral
2025-11-28,13.906356965370918,4.113263184157674,4.244998418607133,104.94287420508532,0.8722001174633385,Neutral
2025-12-01,18.25599753459346,4.241421154400299,4.123239017291261,106.1855180100828,0.8069105572883462,Neutral
2025-12-02,22.685719862709455,3.7647929002918286,4.159584813466538,104.22035558709722,0.8016455222774084,Neutral
2025-12-03,13.11814503052534,3.707142468977556,4.314979279401459,102.54295614440902,0.7683023226174724,Neutral
2025-12-04,16.67154326550869,4.1635151518703,4.193198793878983,104.48544380016325,0.7183847834167738,Neutral
2025-12-05,15.58222739836106,4.134830450901986,4.377286369907099,102.62938009374633,0.7944049133038822,Neutral
2025-12-08,16.76038561219688,3.890630606933523,4.37866130730319,107.30040062418865,0.7942647962407199,Neutral
